experiment,set_id,scenario_id,method,realization_id,timely_count,restricted_bound,extended_bound,status,valid
case_study,rescuenet,Agis-r0,B2,21,28,27.978938381879697,34.200545771018504,optimal,True
case_study,rescuenet,Agis-r0,B2,22,28,27.277265331809097,34.45808180150283,optimal,True
case_study,rescuenet,Agis-r2,B2,4,18,17.508481672639554,21.846907542935597,optimal,True
case_study,rescuenet,Agis-r2,B2,5,18,17.39904008437089,22.356842479098365,optimal,True
case_study,rescuenet,Agis-r2,B2,7,19,18.41505695161131,23.164191766076435,optimal,True
case_study,rescuenet,Agis-r2,B2,9,19,18.878126534960643,23.575815327684023,optimal,True
case_study,rescuenet,Agis-r2,B2,10,18,17.717210295215043,22.400763584184165,optimal,True
case_study,rescuenet,Agis-r2,B2,15,16,14.184278610213829,19.777141510751832,optimal,True
case_study,rescuenet,Agis-r2,B2,19,18,16.851683810278153,21.1780925962803,optimal,True
case_study,rescuenet,Agis-r2,B2,23,17,16.840001827153706,21.751984252083343,optimal,True
case_study,rescuenet,Agis-r2,B2,25,17,16.672124484845156,21.776626801548286,optimal,True
case_study,rescuenet,Agis-r2,B2,28,18,16.9855711483754,22.578656742518618,optimal,True
case_study,rescuenet,Agis-r2,P,0,19,18.49764752973005,27.494371993830224,optimal,True
case_study,rescuenet,Agis-r2,P,1,22,19.14554376227204,28.10972947843548,optimal,True
case_study,rescuenet,Agis-r2,P,2,21,17.37692595393243,26.065885809351666,optimal,True
case_study,rescuenet,Agis-r2,P,4,21,18.926611968028766,26.793204390975323,optimal,True
case_study,rescuenet,Agis-r2,P,5,22,18.06847831087951,26.92284955961528,optimal,True
case_study,rescuenet,Agis-r2,P,6,20,19.27644413957956,27.110133684527803,optimal,True
case_study,rescuenet,Agis-r2,P,7,19,18.649546945547613,25.145317725317632,optimal,True
case_study,rescuenet,Agis-r2,P,8,23,19.49334796453197,27.988029412431473,optimal,True
case_study,rescuenet,Agis-r2,P,9,22,19.081427663476152,27.70947753681055,optimal,True
case_study,rescuenet,Agis-r2,P,10,20,18.678354488172097,27.002336511815404,optimal,True
case_study,rescuenet,Agis-r2,P,11,20,18.707505880814164,26.341382433447862,optimal,True
case_study,rescuenet,Agis-r2,P,12,21,18.511476281740197,27.520464315020146,optimal,True
case_study,rescuenet,Agis-r2,P,13,22,20.003313234798483,28.886356307083584,optimal,True
case_study,rescuenet,Agis-r2,P,14,21,18.057038196318658,26.739764212574098,optimal,True
case_study,rescuenet,Agis-r2,P,15,21,14.14207713403575,23.1460473428626,optimal,True
case_study,rescuenet,Agis-r2,P,16,20,17.175343719329927,25.06703233291675,optimal,True
case_study,rescuenet,Agis-r2,P,17,21,18.943563096101897,28.09531729095646,optimal,True
case_study,rescuenet,Agis-r2,P,18,22,17.51189789666906,26.261346555313686,optimal,True
case_study,rescuenet,Agis-r2,P,19,21,17.30338526273936,26.354602856822083,optimal,True
case_study,rescuenet,Agis-r2,P,20,21,17.91495130159992,26.87309580599178,optimal,True
case_study,rescuenet,Agis-r2,P,21,20,18.40788950445616,26.22838052006807,optimal,True
case_study,rescuenet,Agis-r2,P,22,21,18.703986218900432,27.55706527531842,optimal,True
case_study,rescuenet,Agis-r2,P,23,21,17.728569732217053,26.519351565360477,optimal,True
case_study,rescuenet,Agis-r2,P,24,22,20.686565375230455,28.989632938499998,optimal,True
case_study,rescuenet,Agis-r2,P,25,22,17.856830592491804,27.360612244239114,optimal,True
case_study,rescuenet,Agis-r2,P,27,21,18.475116017029794,26.38374762191136,optimal,True
case_study,rescuenet,Agis-r2,P,28,20,17.805419412395075,26.964177908955136,optimal,True
case_study,rescuenet,Agis-r2,P,29,22,19.527672341244173,28.347810617236345,optimal,True
main,v0,Belnet2008-r2,B2,19,36,35.98197335770157,37.09087650880272,optimal,True
main,v0,Cesnet200603-r0,B2,2,25,24.40261191582389,28.056187381901317,optimal,True
main,v0,Cesnet200603-r0,B2,3,27,24.534210996478713,28.766751968412546,optimal,True
main,v0,Cesnet200603-r0,B2,6,25,24.106906306648476,27.373005632083256,optimal,True
main,v0,Cesnet200603-r0,B2,20,25,24.69098946110842,27.841186415805364,optimal,True
main,v0,Cesnet200603-r0,B2,28,26,25.651630353465343,29.037900836835885,optimal,True
main,v0,Cesnet200603-r2,B2,7,27,26.70251329073083,30.864974184904188,optimal,True
main,v0,Cesnet200603-r2,B2,21,27,26.858048535438982,31.44462649083485,optimal,True
main,v0,Cesnet200603-r2,B2,22,26,25.203742527581763,30.274238996650766,optimal,True
main,v0,Cesnet200603-r2,B2,29,26,25.636359156693622,30.784087069003004,optimal,True
main,v0,Cesnet200603-r2,P,5,28,27.860230016265252,31.771333496321073,optimal,True
main,v0,Cesnet200603-r2,P,7,27,25.90059967743016,30.60910983984669,optimal,True
main,v0,Cesnet200603-r2,P,8,28,27.983957423405883,31.68587778969323,optimal,True
main,v0,Cesnet200603-r2,P,10,26,25.10796100969974,29.627690928361208,optimal,True
main,v0,Cesnet200603-r2,P,17,27,26.421354990987563,31.442288893730392,optimal,True
main,v0,Cesnet200603-r2,P,21,27,26.66484182422972,31.40946231506416,optimal,True
main,v0,Cesnet200603-r2,P,22,26,25.106306192360744,30.263375801085292,optimal,True
main,v0,Cesnet200603-r2,P,29,26,25.404336381491092,30.94536228553446,optimal,True
main,v0-bh50,Agis-r2,B2,0,38,37.55188110057046,39.41452185705574,optimal,True
main,v0-bh50,Agis-r2,B2,1,38,37.56979107621457,39.43555793517265,optimal,True
main,v0-bh50,Agis-r2,B2,2,38,37.42823852784487,39.43182580060019,optimal,True
main,v0-bh50,Agis-r2,B2,3,38,37.58056311107553,39.40280644676352,optimal,True
main,v0-bh50,Agis-r2,B2,4,38,37.57528652864767,39.430267717326906,optimal,True
main,v0-bh50,Agis-r2,B2,6,38,37.56967345628928,39.42425815971337,optimal,True
main,v0-bh50,Agis-r2,B2,7,38,37.54274318348324,39.40266002881313,optimal,True
main,v0-bh50,Agis-r2,B2,8,38,37.580605624500755,39.431502659418506,optimal,True
main,v0-bh50,Agis-r2,B2,9,38,37.47914470421451,39.47536771945832,optimal,True
main,v0-bh50,Agis-r2,B2,10,38,37.53709443559199,39.426024714495846,optimal,True
main,v0-bh50,Agis-r2,B2,11,38,37.4729359379383,39.415485380337344,optimal,True
main,v0-bh50,Agis-r2,B2,12,38,37.465789431554725,39.41485266784324,optimal,True
main,v0-bh50,Agis-r2,B2,14,38,37.547566346576694,39.4065570911264,optimal,True
main,v0-bh50,Agis-r2,B2,15,38,37.560124890960246,39.43531483016535,optimal,True
main,v0-bh50,Agis-r2,B2,16,38,37.557121509269024,39.42187637957977,optimal,True
main,v0-bh50,Agis-r2,B2,17,38,37.477950802068584,39.4068215071721,optimal,True
main,v0-bh50,Agis-r2,B2,18,38,37.61113637961589,39.466130126191004,optimal,True
main,v0-bh50,Agis-r2,B2,19,38,37.47721508684331,39.402565693597694,optimal,True
main,v0-bh50,Agis-r2,B2,21,38,37.54370309617021,39.415505269155176,optimal,True
main,v0-bh50,Agis-r2,B2,22,38,37.545188958714256,39.43800552318068,optimal,True
main,v0-bh50,Agis-r2,B2,23,38,37.49559759162728,39.417478421154144,optimal,True
main,v0-bh50,Agis-r2,B2,24,38,37.54771638454295,39.40686207812933,optimal,True
main,v0-bh50,Agis-r2,B2,25,38,37.50698711937859,39.472651059956256,optimal,True
main,v0-bh50,Agis-r2,B2,26,38,37.525629965455366,39.41480571359863,optimal,True
main,v0-bh50,Agis-r2,B2,27,38,37.54659456149947,39.416700211147976,optimal,True
main,v0-bh50,Agis-r2,B2,28,38,37.58557324254576,39.45893356108239,optimal,True
main,v0-bh50,Agis-r2,P,0,38,37.55187596304647,39.1168957432761,optimal,True
main,v0-bh50,Agis-r2,P,1,38,37.57616491921812,39.14572876348031,optimal,True
main,v0-bh50,Agis-r2,P,2,38,37.42835194221484,39.13599146136576,optimal,True
main,v0-bh50,Agis-r2,P,3,38,37.58087706338871,39.10647853342236,optimal,True
main,v0-bh50,Agis-r2,P,4,38,37.57534274496227,39.13381936597759,optimal,True
main,v0-bh50,Agis-r2,P,5,38,37.50552414544422,39.14344778986548,optimal,True
main,v0-bh50,Agis-r2,P,6,38,37.56974434804929,39.12749423232832,optimal,True
main,v0-bh50,Agis-r2,P,7,38,37.542697238055666,39.10649939006679,optimal,True
main,v0-bh50,Agis-r2,P,8,38,37.58060534848086,39.1353176335863,optimal,True
main,v0-bh50,Agis-r2,P,9,38,37.47902114454111,39.17575125434789,optimal,True
main,v0-bh50,Agis-r2,P,10,38,37.53710648352556,39.12828606709796,optimal,True
main,v0-bh50,Agis-r2,P,11,38,37.473097734097486,39.11912117939648,optimal,True
main,v0-bh50,Agis-r2,P,12,38,37.46582072791965,39.11870632210748,optimal,True
main,v0-bh50,Agis-r2,P,13,38,37.547863860611876,39.10660456844589,optimal,True
main,v0-bh50,Agis-r2,P,14,38,37.547435225089785,39.11026418850545,optimal,True
main,v0-bh50,Agis-r2,P,15,38,37.56006937045314,39.13650008361763,optimal,True
main,v0-bh50,Agis-r2,P,17,38,37.47794755077796,39.11089611409642,optimal,True
main,v0-bh50,Agis-r2,P,18,38,37.611224129798984,39.16729161092712,optimal,True
main,v0-bh50,Agis-r2,P,19,38,37.477186230927,39.10632776533843,optimal,True
main,v0-bh50,Agis-r2,P,20,38,37.51879138765956,39.13820370561534,optimal,True
main,v0-bh50,Agis-r2,P,21,38,37.543677580171334,39.11781908369991,optimal,True
main,v0-bh50,Agis-r2,P,22,38,37.545325096752144,39.13931846636623,optimal,True
main,v0-bh50,Agis-r2,P,23,38,37.49524033426898,39.12082857916019,optimal,True
main,v0-bh50,Agis-r2,P,24,38,37.54765670052541,39.11049948298166,optimal,True
main,v0-bh50,Agis-r2,P,25,38,37.50598799944718,39.17254222178295,optimal,True
main,v0-bh50,Agis-r2,P,26,38,37.525645705577595,39.11861964499714,optimal,True
main,v0-bh50,Agis-r2,P,27,38,37.546657733445215,39.118394374277,optimal,True
main,v0-bh50,Agis-r2,P,28,38,37.585962954451055,39.16088977981734,optimal,True
main,v0-bh50,Agis-r2,P,29,38,37.583971261783546,39.14290319063305,optimal,True
main,v0-bh50,Cesnet200603-r0,P,26,25,24.75276819524202,28.679398665429353,optimal,True
