set_id,scenario_id,topology_id,method,realization_id,alert_count,timely_count,timely_ratio,source_count,connected_count,conn_ratio,shortfall,planning_runtime_s,evaluation_runtime_s,evaluate_calls,paths_outside_candidates
v0,Bbnplanet-r0,Bbnplanet,B1,0,40,13,0.325,15,15,1.0,27.0,0.15241455800060066,0.03881903889996465,1,0
v0,Bbnplanet-r0,Bbnplanet,B1,1,40,13,0.325,15,15,1.0,27.0,0.15241455800060066,0.03881903889996465,1,0
v0,Bbnplanet-r0,Bbnplanet,B1,2,40,12,0.3,15,15,1.0,27.326395888731287,0.15241455800060066,0.03881903889996465,1,0
v0,Bbnplanet-r0,Bbnplanet,B1,3,40,13,0.325,15,15,1.0,27.0,0.15241455800060066,0.03881903889996465,1,0
v0,Bbnplanet-r0,Bbnplanet,B1,4,40,13,0.325,15,15,1.0,27.0,0.15241455800060066,0.03881903889996465,1,0
v0,Bbnplanet-r0,Bbnplanet,B1,5,40,13,0.325,15,15,1.0,27.0,0.15241455800060066,0.03881903889996465,1,0
v0,Bbnplanet-r0,Bbnplanet,B1,6,40,13,0.325,15,15,1.0,27.0,0.15241455800060066,0.03881903889996465,1,0
v0,Bbnplanet-r0,Bbnplanet,B1,7,40,13,0.325,15,15,1.0,27.0,0.15241455800060066,0.03881903889996465,1,0
v0,Bbnplanet-r0,Bbnplanet,B1,8,40,12,0.3,15,15,1.0,27.364014938554945,0.15241455800060066,0.03881903889996465,1,0
v0,Bbnplanet-r0,Bbnplanet,B1,9,40,12,0.3,15,15,1.0,27.010045670231193,0.15241455800060066,0.03881903889996465,1,0
v0,Bbnplanet-r0,Bbnplanet,B1,10,40,13,0.325,15,15,1.0,27.0,0.15241455800060066,0.03881903889996465,1,0
v0,Bbnplanet-r0,Bbnplanet,B1,11,40,13,0.325,15,15,1.0,27.0,0.15241455800060066,0.03881903889996465,1,0
v0,Bbnplanet-r0,Bbnplanet,B1,12,40,13,0.325,15,15,1.0,27.0,0.15241455800060066,0.03881903889996465,1,0
v0,Bbnplanet-r0,Bbnplanet,B1,13,40,13,0.325,15,15,1.0,27.0,0.15241455800060066,0.03881903889996465,1,0
v0,Bbnplanet-r0,Bbnplanet,B1,14,40,12,0.3,15,15,1.0,27.05934744992863,0.15241455800060066,0.03881903889996465,1,0
v0,Bbnplanet-r0,Bbnplanet,B1,15,40,13,0.325,15,15,1.0,27.0,0.15241455800060066,0.03881903889996465,1,0
v0,Bbnplanet-r0,Bbnplanet,B1,16,40,13,0.325,15,15,1.0,27.0,0.15241455800060066,0.03881903889996465,1,0
v0,Bbnplanet-r0,Bbnplanet,B1,17,40,12,0.3,15,15,1.0,27.312814902192322,0.15241455800060066,0.03881903889996465,1,0
v0,Bbnplanet-r0,Bbnplanet,B1,18,40,13,0.325,15,15,1.0,27.0,0.15241455800060066,0.03881903889996465,1,0
v0,Bbnplanet-r0,Bbnplanet,B1,19,40,12,0.3,15,15,1.0,27.16421875885495,0.15241455800060066,0.03881903889996465,1,0
v0,Bbnplanet-r0,Bbnplanet,B1,20,40,13,0.325,15,15,1.0,27.0,0.15241455800060066,0.03881903889996465,1,0
v0,Bbnplanet-r0,Bbnplanet,B1,21,40,13,0.325,15,15,1.0,27.0,0.15241455800060066,0.03881903889996465,1,0
v0,Bbnplanet-r0,Bbnplanet,B1,22,40,13,0.325,15,15,1.0,27.0,0.15241455800060066,0.03881903889996465,1,0
v0,Bbnplanet-r0,Bbnplanet,B1,23,40,12,0.3,15,15,1.0,27.255607859973516,0.15241455800060066,0.03881903889996465,1,0
v0,Bbnplanet-r0,Bbnplanet,B1,24,40,13,0.325,15,15,1.0,27.0,0.15241455800060066,0.03881903889996465,1,0
v0,Bbnplanet-r0,Bbnplanet,B1,25,40,13,0.325,15,15,1.0,27.0,0.15241455800060066,0.03881903889996465,1,0
v0,Bbnplanet-r0,Bbnplanet,B1,26,40,13,0.325,15,15,1.0,27.0,0.15241455800060066,0.03881903889996465,1,0
v0,Bbnplanet-r0,Bbnplanet,B1,27,40,13,0.325,15,15,1.0,27.0,0.15241455800060066,0.03881903889996465,1,0
v0,Bbnplanet-r0,Bbnplanet,B1,28,40,12,0.3,15,15,1.0,27.090235113652376,0.15241455800060066,0.03881903889996465,1,0
v0,Bbnplanet-r0,Bbnplanet,B1,29,40,13,0.325,15,15,1.0,27.0,0.15241455800060066,0.03881903889996465,1,0
v0,Bbnplanet-r0,Bbnplanet,B2,0,40,14,0.35,15,15,1.0,23.372040984894067,207.20000889700168,0.048689125200083554,1985,8
v0,Bbnplanet-r0,Bbnplanet,B2,1,40,14,0.35,15,15,1.0,23.819696258403052,207.20000889700168,0.048689125200083554,1985,8
v0,Bbnplanet-r0,Bbnplanet,B2,2,40,14,0.35,15,15,1.0,23.83346516919963,207.20000889700168,0.048689125200083554,1985,8
v0,Bbnplanet-r0,Bbnplanet,B2,3,40,14,0.35,15,15,1.0,24.233452246590197,207.20000889700168,0.048689125200083554,1985,8
v0,Bbnplanet-r0,Bbnplanet,B2,4,40,14,0.35,15,15,1.0,24.65183951703658,207.20000889700168,0.048689125200083554,1985,8
v0,Bbnplanet-r0,Bbnplanet,B2,5,40,14,0.35,15,15,1.0,24.013477622036863,207.20000889700168,0.048689125200083554,1985,8
v0,Bbnplanet-r0,Bbnplanet,B2,6,40,14,0.35,15,15,1.0,24.22279476272189,207.20000889700168,0.048689125200083554,1985,8
v0,Bbnplanet-r0,Bbnplanet,B2,7,40,14,0.35,15,15,1.0,23.82399746897635,207.20000889700168,0.048689125200083554,1985,8
v0,Bbnplanet-r0,Bbnplanet,B2,8,40,14,0.35,15,15,1.0,24.969596843363444,207.20000889700168,0.048689125200083554,1985,8
v0,Bbnplanet-r0,Bbnplanet,B2,9,40,14,0.35,15,15,1.0,24.58733744964647,207.20000889700168,0.048689125200083554,1985,8
v0,Bbnplanet-r0,Bbnplanet,B2,10,40,14,0.35,15,15,1.0,24.359207546507886,207.20000889700168,0.048689125200083554,1985,8
v0,Bbnplanet-r0,Bbnplanet,B2,11,40,14,0.35,15,15,1.0,22.944915400675743,207.20000889700168,0.048689125200083554,1985,8
v0,Bbnplanet-r0,Bbnplanet,B2,12,40,14,0.35,15,15,1.0,24.22945019750141,207.20000889700168,0.048689125200083554,1985,8
v0,Bbnplanet-r0,Bbnplanet,B2,13,40,15,0.375,15,15,1.0,23.225681231952013,207.20000889700168,0.048689125200083554,1985,8
v0,Bbnplanet-r0,Bbnplanet,B2,14,40,14,0.35,15,15,1.0,24.528780086458543,207.20000889700168,0.048689125200083554,1985,8
v0,Bbnplanet-r0,Bbnplanet,B2,15,40,14,0.35,15,15,1.0,24.372462109134496,207.20000889700168,0.048689125200083554,1985,8
v0,Bbnplanet-r0,Bbnplanet,B2,16,40,14,0.35,15,15,1.0,24.85893723189558,207.20000889700168,0.048689125200083554,1985,8
v0,Bbnplanet-r0,Bbnplanet,B2,17,40,14,0.35,15,15,1.0,23.443697260713943,207.20000889700168,0.048689125200083554,1985,8
v0,Bbnplanet-r0,Bbnplanet,B2,18,40,14,0.35,15,15,1.0,23.836224543054524,207.20000889700168,0.048689125200083554,1985,8
v0,Bbnplanet-r0,Bbnplanet,B2,19,40,15,0.375,15,15,1.0,23.591219659143086,207.20000889700168,0.048689125200083554,1985,8
v0,Bbnplanet-r0,Bbnplanet,B2,20,40,14,0.35,15,15,1.0,24.352235479785097,207.20000889700168,0.048689125200083554,1985,8
v0,Bbnplanet-r0,Bbnplanet,B2,21,40,13,0.325,15,15,1.0,24.690522352000443,207.20000889700168,0.048689125200083554,1985,8
v0,Bbnplanet-r0,Bbnplanet,B2,22,40,14,0.35,15,15,1.0,23.946677869630314,207.20000889700168,0.048689125200083554,1985,8
v0,Bbnplanet-r0,Bbnplanet,B2,23,40,14,0.35,15,15,1.0,24.40481494464751,207.20000889700168,0.048689125200083554,1985,8
v0,Bbnplanet-r0,Bbnplanet,B2,24,40,14,0.35,15,15,1.0,23.734243569714412,207.20000889700168,0.048689125200083554,1985,8
v0,Bbnplanet-r0,Bbnplanet,B2,25,40,14,0.35,15,15,1.0,23.974816517314864,207.20000889700168,0.048689125200083554,1985,8
v0,Bbnplanet-r0,Bbnplanet,B2,26,40,14,0.35,15,15,1.0,24.42259887229153,207.20000889700168,0.048689125200083554,1985,8
v0,Bbnplanet-r0,Bbnplanet,B2,27,40,14,0.35,15,15,1.0,24.980154608777113,207.20000889700168,0.048689125200083554,1985,8
v0,Bbnplanet-r0,Bbnplanet,B2,28,40,14,0.35,15,15,1.0,23.573868712297166,207.20000889700168,0.048689125200083554,1985,8
v0,Bbnplanet-r0,Bbnplanet,B2,29,40,14,0.35,15,15,1.0,24.034928225005157,207.20000889700168,0.048689125200083554,1985,8
v0,Bbnplanet-r0,Bbnplanet,B3,0,40,8,0.2,15,15,1.0,27.84190947416269,274.36717040900476,0.061673905066709264,2001,22
v0,Bbnplanet-r0,Bbnplanet,B3,1,40,8,0.2,15,15,1.0,29.503573738018616,274.36717040900476,0.061673905066709264,2001,22
v0,Bbnplanet-r0,Bbnplanet,B3,2,40,8,0.2,15,15,1.0,28.98495818859551,274.36717040900476,0.061673905066709264,2001,22
v0,Bbnplanet-r0,Bbnplanet,B3,3,40,8,0.2,15,15,1.0,29.584383246284155,274.36717040900476,0.061673905066709264,2001,22
v0,Bbnplanet-r0,Bbnplanet,B3,4,40,8,0.2,15,15,1.0,28.929084142214226,274.36717040900476,0.061673905066709264,2001,22
v0,Bbnplanet-r0,Bbnplanet,B3,5,40,8,0.2,15,15,1.0,29.011805527152877,274.36717040900476,0.061673905066709264,2001,22
v0,Bbnplanet-r0,Bbnplanet,B3,6,40,8,0.2,15,15,1.0,29.089244959120382,274.36717040900476,0.061673905066709264,2001,22
v0,Bbnplanet-r0,Bbnplanet,B3,7,40,8,0.2,15,15,1.0,28.702854945505358,274.36717040900476,0.061673905066709264,2001,22
v0,Bbnplanet-r0,Bbnplanet,B3,8,40,8,0.2,15,15,1.0,29.94110868497749,274.36717040900476,0.061673905066709264,2001,22
v0,Bbnplanet-r0,Bbnplanet,B3,9,40,8,0.2,15,15,1.0,28.92466850717198,274.36717040900476,0.061673905066709264,2001,22
v0,Bbnplanet-r0,Bbnplanet,B3,10,40,8,0.2,15,15,1.0,29.576977129612867,274.36717040900476,0.061673905066709264,2001,22
v0,Bbnplanet-r0,Bbnplanet,B3,11,40,8,0.2,15,15,1.0,29.13643064861922,274.36717040900476,0.061673905066709264,2001,22
v0,Bbnplanet-r0,Bbnplanet,B3,12,40,8,0.2,15,15,1.0,28.271219759588533,274.36717040900476,0.061673905066709264,2001,22
v0,Bbnplanet-r0,Bbnplanet,B3,13,40,8,0.2,15,15,1.0,28.14299538116881,274.36717040900476,0.061673905066709264,2001,22
v0,Bbnplanet-r0,Bbnplanet,B3,14,40,8,0.2,15,15,1.0,28.88824684190803,274.36717040900476,0.061673905066709264,2001,22
v0,Bbnplanet-r0,Bbnplanet,B3,15,40,8,0.2,15,15,1.0,29.432150981863785,274.36717040900476,0.061673905066709264,2001,22
v0,Bbnplanet-r0,Bbnplanet,B3,16,40,8,0.2,15,15,1.0,29.39287288397402,274.36717040900476,0.061673905066709264,2001,22
v0,Bbnplanet-r0,Bbnplanet,B3,17,40,8,0.2,15,15,1.0,28.389809896423454,274.36717040900476,0.061673905066709264,2001,22
v0,Bbnplanet-r0,Bbnplanet,B3,18,40,8,0.2,15,15,1.0,28.204683672984274,274.36717040900476,0.061673905066709264,2001,22
v0,Bbnplanet-r0,Bbnplanet,B3,19,40,8,0.2,15,15,1.0,28.71720546127259,274.36717040900476,0.061673905066709264,2001,22
v0,Bbnplanet-r0,Bbnplanet,B3,20,40,8,0.2,15,15,1.0,29.403173482840177,274.36717040900476,0.061673905066709264,2001,22
v0,Bbnplanet-r0,Bbnplanet,B3,21,40,8,0.2,15,15,1.0,28.737103952483064,274.36717040900476,0.061673905066709264,2001,22
v0,Bbnplanet-r0,Bbnplanet,B3,22,40,8,0.2,15,15,1.0,29.291080652447075,274.36717040900476,0.061673905066709264,2001,22
v0,Bbnplanet-r0,Bbnplanet,B3,23,40,8,0.2,15,15,1.0,28.447408331994662,274.36717040900476,0.061673905066709264,2001,22
v0,Bbnplanet-r0,Bbnplanet,B3,24,40,8,0.2,15,15,1.0,29.6787159940553,274.36717040900476,0.061673905066709264,2001,22
v0,Bbnplanet-r0,Bbnplanet,B3,25,40,8,0.2,15,15,1.0,28.69540905335477,274.36717040900476,0.061673905066709264,2001,22
v0,Bbnplanet-r0,Bbnplanet,B3,26,40,8,0.2,15,15,1.0,29.1223876294878,274.36717040900476,0.061673905066709264,2001,22
v0,Bbnplanet-r0,Bbnplanet,B3,27,40,8,0.2,15,15,1.0,29.736484207857334,274.36717040900476,0.061673905066709264,2001,22
v0,Bbnplanet-r0,Bbnplanet,B3,28,40,8,0.2,15,15,1.0,28.745291683090635,274.36717040900476,0.061673905066709264,2001,22
v0,Bbnplanet-r0,Bbnplanet,B3,29,40,8,0.2,15,15,1.0,28.98883034090665,274.36717040900476,0.061673905066709264,2001,22
v0,Bbnplanet-r0,Bbnplanet,P,0,40,14,0.35,15,15,1.0,23.15398332660684,182.66244601100334,0.050555805066687755,2001,7
v0,Bbnplanet-r0,Bbnplanet,P,1,40,13,0.325,15,15,1.0,23.725198202956765,182.66244601100334,0.050555805066687755,2001,7
v0,Bbnplanet-r0,Bbnplanet,P,2,40,13,0.325,15,15,1.0,24.073052934764835,182.66244601100334,0.050555805066687755,2001,7
v0,Bbnplanet-r0,Bbnplanet,P,3,40,14,0.35,15,15,1.0,24.29417725676418,182.66244601100334,0.050555805066687755,2001,7
v0,Bbnplanet-r0,Bbnplanet,P,4,40,14,0.35,15,15,1.0,24.64766822777814,182.66244601100334,0.050555805066687755,2001,7
v0,Bbnplanet-r0,Bbnplanet,P,5,40,13,0.325,15,15,1.0,24.450215580992772,182.66244601100334,0.050555805066687755,2001,7
v0,Bbnplanet-r0,Bbnplanet,P,6,40,12,0.3,15,15,1.0,24.41101341177927,182.66244601100334,0.050555805066687755,2001,7
v0,Bbnplanet-r0,Bbnplanet,P,7,40,13,0.325,15,15,1.0,23.890193993950653,182.66244601100334,0.050555805066687755,2001,7
v0,Bbnplanet-r0,Bbnplanet,P,8,40,13,0.325,15,15,1.0,24.715815816463355,182.66244601100334,0.050555805066687755,2001,7
v0,Bbnplanet-r0,Bbnplanet,P,9,40,13,0.325,15,15,1.0,25.36619829261942,182.66244601100334,0.050555805066687755,2001,7
v0,Bbnplanet-r0,Bbnplanet,P,10,40,13,0.325,15,15,1.0,25.175595912651055,182.66244601100334,0.050555805066687755,2001,7
v0,Bbnplanet-r0,Bbnplanet,P,11,40,13,0.325,15,15,1.0,23.08591834718648,182.66244601100334,0.050555805066687755,2001,7
v0,Bbnplanet-r0,Bbnplanet,P,12,40,14,0.35,15,15,1.0,24.27242233489283,182.66244601100334,0.050555805066687755,2001,7
v0,Bbnplanet-r0,Bbnplanet,P,13,40,15,0.375,15,15,1.0,23.226940337331385,182.66244601100334,0.050555805066687755,2001,7
v0,Bbnplanet-r0,Bbnplanet,P,14,40,14,0.35,15,15,1.0,24.48813613277192,182.66244601100334,0.050555805066687755,2001,7
v0,Bbnplanet-r0,Bbnplanet,P,15,40,14,0.35,15,15,1.0,24.17133184509618,182.66244601100334,0.050555805066687755,2001,7
v0,Bbnplanet-r0,Bbnplanet,P,16,40,13,0.325,15,15,1.0,25.15718137109821,182.66244601100334,0.050555805066687755,2001,7
v0,Bbnplanet-r0,Bbnplanet,P,17,40,13,0.325,15,15,1.0,23.478460009646138,182.66244601100334,0.050555805066687755,2001,7
v0,Bbnplanet-r0,Bbnplanet,P,18,40,13,0.325,15,15,1.0,24.148098280005936,182.66244601100334,0.050555805066687755,2001,7
v0,Bbnplanet-r0,Bbnplanet,P,19,40,14,0.35,15,15,1.0,23.882862608789097,182.66244601100334,0.050555805066687755,2001,7
v0,Bbnplanet-r0,Bbnplanet,P,20,40,13,0.325,15,15,1.0,24.676452504084768,182.66244601100334,0.050555805066687755,2001,7
v0,Bbnplanet-r0,Bbnplanet,P,21,40,13,0.325,15,15,1.0,25.213674185157462,182.66244601100334,0.050555805066687755,2001,7
v0,Bbnplanet-r0,Bbnplanet,P,22,40,14,0.35,15,15,1.0,24.042683050217452,182.66244601100334,0.050555805066687755,2001,7
v0,Bbnplanet-r0,Bbnplanet,P,23,40,13,0.325,15,15,1.0,25.00955822736439,182.66244601100334,0.050555805066687755,2001,7
v0,Bbnplanet-r0,Bbnplanet,P,24,40,13,0.325,15,15,1.0,23.633364474946834,182.66244601100334,0.050555805066687755,2001,7
v0,Bbnplanet-r0,Bbnplanet,P,25,40,13,0.325,15,15,1.0,24.833586904572964,182.66244601100334,0.050555805066687755,2001,7
v0,Bbnplanet-r0,Bbnplanet,P,26,40,13,0.325,15,15,1.0,24.413809444489782,182.66244601100334,0.050555805066687755,2001,7
v0,Bbnplanet-r0,Bbnplanet,P,27,40,13,0.325,15,15,1.0,25.091705850776663,182.66244601100334,0.050555805066687755,2001,7
v0,Bbnplanet-r0,Bbnplanet,P,28,40,13,0.325,15,15,1.0,23.83290669878619,182.66244601100334,0.050555805066687755,2001,7
v0,Bbnplanet-r0,Bbnplanet,P,29,40,14,0.35,15,15,1.0,24.99913062349993,182.66244601100334,0.050555805066687755,2001,7
v0,Bbnplanet-r1,Bbnplanet,B1,0,40,26,0.65,15,15,1.0,11.20878028491569,0.12682482600212097,0.033556970233257745,1,0
v0,Bbnplanet-r1,Bbnplanet,B1,1,40,27,0.675,15,15,1.0,10.975649279004625,0.12682482600212097,0.033556970233257745,1,0
v0,Bbnplanet-r1,Bbnplanet,B1,2,40,28,0.7,15,15,1.0,10.192812988481446,0.12682482600212097,0.033556970233257745,1,0
v0,Bbnplanet-r1,Bbnplanet,B1,3,40,27,0.675,15,15,1.0,10.549094593201954,0.12682482600212097,0.033556970233257745,1,0
v0,Bbnplanet-r1,Bbnplanet,B1,4,40,26,0.65,15,15,1.0,10.942679792284418,0.12682482600212097,0.033556970233257745,1,0
v0,Bbnplanet-r1,Bbnplanet,B1,5,40,26,0.65,15,15,1.0,11.232519465821724,0.12682482600212097,0.033556970233257745,1,0
v0,Bbnplanet-r1,Bbnplanet,B1,6,40,26,0.65,15,15,1.0,10.697509564449595,0.12682482600212097,0.033556970233257745,1,0
v0,Bbnplanet-r1,Bbnplanet,B1,7,40,27,0.675,15,15,1.0,10.452601026095985,0.12682482600212097,0.033556970233257745,1,0
v0,Bbnplanet-r1,Bbnplanet,B1,8,40,28,0.7,15,15,1.0,10.049666769277433,0.12682482600212097,0.033556970233257745,1,0
v0,Bbnplanet-r1,Bbnplanet,B1,9,40,26,0.65,15,15,1.0,11.462118755265124,0.12682482600212097,0.033556970233257745,1,0
v0,Bbnplanet-r1,Bbnplanet,B1,10,40,26,0.65,15,15,1.0,10.718538148425129,0.12682482600212097,0.033556970233257745,1,0
v0,Bbnplanet-r1,Bbnplanet,B1,11,40,27,0.675,15,15,1.0,10.575235970658609,0.12682482600212097,0.033556970233257745,1,0
v0,Bbnplanet-r1,Bbnplanet,B1,12,40,27,0.675,15,15,1.0,10.432038700525531,0.12682482600212097,0.033556970233257745,1,0
v0,Bbnplanet-r1,Bbnplanet,B1,13,40,26,0.65,15,15,1.0,11.504898468959007,0.12682482600212097,0.033556970233257745,1,0
v0,Bbnplanet-r1,Bbnplanet,B1,14,40,28,0.7,15,15,1.0,10.61291308055644,0.12682482600212097,0.033556970233257745,1,0
v0,Bbnplanet-r1,Bbnplanet,B1,15,40,27,0.675,15,15,1.0,11.14933116627399,0.12682482600212097,0.033556970233257745,1,0
v0,Bbnplanet-r1,Bbnplanet,B1,16,40,27,0.675,15,15,1.0,10.452375366612454,0.12682482600212097,0.033556970233257745,1,0
v0,Bbnplanet-r1,Bbnplanet,B1,17,40,26,0.65,15,15,1.0,11.35115459875959,0.12682482600212097,0.033556970233257745,1,0
v0,Bbnplanet-r1,Bbnplanet,B1,18,40,29,0.725,15,15,1.0,10.00947184627717,0.12682482600212097,0.033556970233257745,1,0
v0,Bbnplanet-r1,Bbnplanet,B1,19,40,28,0.7,15,15,1.0,10.336392018244776,0.12682482600212097,0.033556970233257745,1,0
v0,Bbnplanet-r1,Bbnplanet,B1,20,40,26,0.65,15,15,1.0,11.455691411778599,0.12682482600212097,0.033556970233257745,1,0
v0,Bbnplanet-r1,Bbnplanet,B1,21,40,29,0.725,15,15,1.0,10.00947184627717,0.12682482600212097,0.033556970233257745,1,0
v0,Bbnplanet-r1,Bbnplanet,B1,22,40,27,0.675,15,15,1.0,10.569232304978343,0.12682482600212097,0.033556970233257745,1,0
v0,Bbnplanet-r1,Bbnplanet,B1,23,40,29,0.725,15,15,1.0,10.00947184627717,0.12682482600212097,0.033556970233257745,1,0
v0,Bbnplanet-r1,Bbnplanet,B1,24,40,29,0.725,15,15,1.0,10.00947184627717,0.12682482600212097,0.033556970233257745,1,0
v0,Bbnplanet-r1,Bbnplanet,B1,25,40,27,0.675,15,15,1.0,10.739486973001323,0.12682482600212097,0.033556970233257745,1,0
v0,Bbnplanet-r1,Bbnplanet,B1,26,40,26,0.65,15,15,1.0,11.119413885763958,0.12682482600212097,0.033556970233257745,1,0
v0,Bbnplanet-r1,Bbnplanet,B1,27,40,27,0.675,15,15,1.0,10.919290879933014,0.12682482600212097,0.033556970233257745,1,0
v0,Bbnplanet-r1,Bbnplanet,B1,28,40,26,0.65,15,15,1.0,11.215143232666604,0.12682482600212097,0.033556970233257745,1,0
v0,Bbnplanet-r1,Bbnplanet,B1,29,40,26,0.65,15,15,1.0,11.232709324617018,0.12682482600212097,0.033556970233257745,1,0
v0,Bbnplanet-r1,Bbnplanet,B2,0,40,29,0.725,15,15,1.0,7.486197724811121,197.7774051790002,0.04898355400000583,2001,7
v0,Bbnplanet-r1,Bbnplanet,B2,1,40,29,0.725,15,15,1.0,7.638327382569064,197.7774051790002,0.04898355400000583,2001,7
v0,Bbnplanet-r1,Bbnplanet,B2,2,40,29,0.725,15,15,1.0,7.728379898008469,197.7774051790002,0.04898355400000583,2001,7
v0,Bbnplanet-r1,Bbnplanet,B2,3,40,25,0.625,15,15,1.0,8.364615907247815,197.7774051790002,0.04898355400000583,2001,7
v0,Bbnplanet-r1,Bbnplanet,B2,4,40,29,0.725,15,15,1.0,8.224093617296537,197.7774051790002,0.04898355400000583,2001,7
v0,Bbnplanet-r1,Bbnplanet,B2,5,40,29,0.725,15,15,1.0,7.963008710445878,197.7774051790002,0.04898355400000583,2001,7
v0,Bbnplanet-r1,Bbnplanet,B2,6,40,29,0.725,15,15,1.0,7.891830303223673,197.7774051790002,0.04898355400000583,2001,7
v0,Bbnplanet-r1,Bbnplanet,B2,7,40,29,0.725,15,15,1.0,8.196957864976318,197.7774051790002,0.04898355400000583,2001,7
v0,Bbnplanet-r1,Bbnplanet,B2,8,40,29,0.725,15,15,1.0,8.359517961872431,197.7774051790002,0.04898355400000583,2001,7
v0,Bbnplanet-r1,Bbnplanet,B2,9,40,29,0.725,15,15,1.0,7.50843953470718,197.7774051790002,0.04898355400000583,2001,7
v0,Bbnplanet-r1,Bbnplanet,B2,10,40,29,0.725,15,15,1.0,8.349874342902705,197.7774051790002,0.04898355400000583,2001,7
v0,Bbnplanet-r1,Bbnplanet,B2,11,40,29,0.725,15,15,1.0,8.564784980949113,197.7774051790002,0.04898355400000583,2001,7
v0,Bbnplanet-r1,Bbnplanet,B2,12,40,30,0.75,15,15,1.0,7.447377242675105,197.7774051790002,0.04898355400000583,2001,7
v0,Bbnplanet-r1,Bbnplanet,B2,13,40,29,0.725,15,15,1.0,7.510300041610273,197.7774051790002,0.04898355400000583,2001,7
v0,Bbnplanet-r1,Bbnplanet,B2,14,40,29,0.725,15,15,1.0,8.424189047669328,197.7774051790002,0.04898355400000583,2001,7
v0,Bbnplanet-r1,Bbnplanet,B2,15,40,29,0.725,15,15,1.0,7.194792701291524,197.7774051790002,0.04898355400000583,2001,7
v0,Bbnplanet-r1,Bbnplanet,B2,16,40,29,0.725,15,15,1.0,8.426131929959523,197.7774051790002,0.04898355400000583,2001,7
v0,Bbnplanet-r1,Bbnplanet,B2,17,40,30,0.75,15,15,1.0,7.882163313429024,197.7774051790002,0.04898355400000583,2001,7
v0,Bbnplanet-r1,Bbnplanet,B2,18,40,29,0.725,15,15,1.0,7.681440198884966,197.7774051790002,0.04898355400000583,2001,7
v0,Bbnplanet-r1,Bbnplanet,B2,19,40,29,0.725,15,15,1.0,7.375193411609283,197.7774051790002,0.04898355400000583,2001,7
v0,Bbnplanet-r1,Bbnplanet,B2,20,40,29,0.725,15,15,1.0,7.944448044168875,197.7774051790002,0.04898355400000583,2001,7
v0,Bbnplanet-r1,Bbnplanet,B2,21,40,29,0.725,15,15,1.0,7.750741754850794,197.7774051790002,0.04898355400000583,2001,7
v0,Bbnplanet-r1,Bbnplanet,B2,22,40,29,0.725,15,15,1.0,8.44882663196429,197.7774051790002,0.04898355400000583,2001,7
v0,Bbnplanet-r1,Bbnplanet,B2,23,40,29,0.725,15,15,1.0,8.306228213421448,197.7774051790002,0.04898355400000583,2001,7
v0,Bbnplanet-r1,Bbnplanet,B2,24,40,30,0.75,15,15,1.0,7.48263342841684,197.7774051790002,0.04898355400000583,2001,7
v0,Bbnplanet-r1,Bbnplanet,B2,25,40,30,0.75,15,15,1.0,7.90472632230043,197.7774051790002,0.04898355400000583,2001,7
v0,Bbnplanet-r1,Bbnplanet,B2,26,40,28,0.7,15,15,1.0,8.386340309367355,197.7774051790002,0.04898355400000583,2001,7
v0,Bbnplanet-r1,Bbnplanet,B2,27,40,29,0.725,15,15,1.0,8.989898963369216,197.7774051790002,0.04898355400000583,2001,7
v0,Bbnplanet-r1,Bbnplanet,B2,28,40,29,0.725,15,15,1.0,6.609756574140409,197.7774051790002,0.04898355400000583,2001,7
v0,Bbnplanet-r1,Bbnplanet,B2,29,40,30,0.75,15,15,1.0,7.772082036801213,197.7774051790002,0.04898355400000583,2001,7
v0,Bbnplanet-r1,Bbnplanet,B3,0,40,17,0.425,15,15,1.0,16.41841465427285,216.26234533300158,0.05452465416674386,2001,6
v0,Bbnplanet-r1,Bbnplanet,B3,1,40,17,0.425,15,15,1.0,16.184453555544575,216.26234533300158,0.05452465416674386,2001,6
v0,Bbnplanet-r1,Bbnplanet,B3,2,40,19,0.475,15,15,1.0,16.132390113622215,216.26234533300158,0.05452465416674386,2001,6
v0,Bbnplanet-r1,Bbnplanet,B3,3,40,18,0.45,15,15,1.0,16.24959234111911,216.26234533300158,0.05452465416674386,2001,6
v0,Bbnplanet-r1,Bbnplanet,B3,4,40,18,0.45,15,15,1.0,16.46187202595776,216.26234533300158,0.05452465416674386,2001,6
v0,Bbnplanet-r1,Bbnplanet,B3,5,40,17,0.425,15,15,1.0,16.691198117451936,216.26234533300158,0.05452465416674386,2001,6
v0,Bbnplanet-r1,Bbnplanet,B3,6,40,18,0.45,15,15,1.0,16.792497427445312,216.26234533300158,0.05452465416674386,2001,6
v0,Bbnplanet-r1,Bbnplanet,B3,7,40,17,0.425,15,15,1.0,16.964443731345874,216.26234533300158,0.05452465416674386,2001,6
v0,Bbnplanet-r1,Bbnplanet,B3,8,40,18,0.45,15,15,1.0,16.485470725567012,216.26234533300158,0.05452465416674386,2001,6
v0,Bbnplanet-r1,Bbnplanet,B3,9,40,17,0.425,15,15,1.0,17.627665513709772,216.26234533300158,0.05452465416674386,2001,6
v0,Bbnplanet-r1,Bbnplanet,B3,10,40,18,0.45,15,15,1.0,16.94944453802476,216.26234533300158,0.05452465416674386,2001,6
v0,Bbnplanet-r1,Bbnplanet,B3,11,40,17,0.425,15,15,1.0,17.134589137458534,216.26234533300158,0.05452465416674386,2001,6
v0,Bbnplanet-r1,Bbnplanet,B3,12,40,18,0.45,15,15,1.0,16.990783562013448,216.26234533300158,0.05452465416674386,2001,6
v0,Bbnplanet-r1,Bbnplanet,B3,13,40,17,0.425,15,15,1.0,17.58239999375642,216.26234533300158,0.05452465416674386,2001,6
v0,Bbnplanet-r1,Bbnplanet,B3,14,40,17,0.425,15,15,1.0,17.950357155541898,216.26234533300158,0.05452465416674386,2001,6
v0,Bbnplanet-r1,Bbnplanet,B3,15,40,17,0.425,15,15,1.0,16.372473627675397,216.26234533300158,0.05452465416674386,2001,6
v0,Bbnplanet-r1,Bbnplanet,B3,16,40,17,0.425,15,15,1.0,16.605721671422042,216.26234533300158,0.05452465416674386,2001,6
v0,Bbnplanet-r1,Bbnplanet,B3,17,40,17,0.425,15,15,1.0,16.46719218797083,216.26234533300158,0.05452465416674386,2001,6
v0,Bbnplanet-r1,Bbnplanet,B3,18,40,18,0.45,15,15,1.0,16.5597068687528,216.26234533300158,0.05452465416674386,2001,6
v0,Bbnplanet-r1,Bbnplanet,B3,19,40,18,0.45,15,15,1.0,17.465167793860612,216.26234533300158,0.05452465416674386,2001,6
v0,Bbnplanet-r1,Bbnplanet,B3,20,40,18,0.45,15,15,1.0,16.134358631611416,216.26234533300158,0.05452465416674386,2001,6
v0,Bbnplanet-r1,Bbnplanet,B3,21,40,18,0.45,15,15,1.0,16.72087268270406,216.26234533300158,0.05452465416674386,2001,6
v0,Bbnplanet-r1,Bbnplanet,B3,22,40,18,0.45,15,15,1.0,17.41556817815597,216.26234533300158,0.05452465416674386,2001,6
v0,Bbnplanet-r1,Bbnplanet,B3,23,40,18,0.45,15,15,1.0,16.439704633147045,216.26234533300158,0.05452465416674386,2001,6
v0,Bbnplanet-r1,Bbnplanet,B3,24,40,19,0.475,15,15,1.0,15.392299946540966,216.26234533300158,0.05452465416674386,2001,6
v0,Bbnplanet-r1,Bbnplanet,B3,25,40,17,0.425,15,15,1.0,17.939894601067284,216.26234533300158,0.05452465416674386,2001,6
v0,Bbnplanet-r1,Bbnplanet,B3,26,40,18,0.45,15,15,1.0,16.724806654087775,216.26234533300158,0.05452465416674386,2001,6
v0,Bbnplanet-r1,Bbnplanet,B3,27,40,18,0.45,15,15,1.0,16.899562452663773,216.26234533300158,0.05452465416674386,2001,6
v0,Bbnplanet-r1,Bbnplanet,B3,28,40,17,0.425,15,15,1.0,16.58384220079441,216.26234533300158,0.05452465416674386,2001,6
v0,Bbnplanet-r1,Bbnplanet,B3,29,40,17,0.425,15,15,1.0,17.143397452964685,216.26234533300158,0.05452465416674386,2001,6
v0,Bbnplanet-r1,Bbnplanet,P,0,40,29,0.725,15,15,1.0,7.42142337318409,141.91947787199751,0.09270967729995998,2001,9
v0,Bbnplanet-r1,Bbnplanet,P,1,40,29,0.725,15,15,1.0,7.5653102930853855,141.91947787199751,0.09270967729995998,2001,9
v0,Bbnplanet-r1,Bbnplanet,P,2,40,30,0.75,15,15,1.0,7.930758338937555,141.91947787199751,0.09270967729995998,2001,9
v0,Bbnplanet-r1,Bbnplanet,P,3,40,28,0.7,15,15,1.0,8.447002463408067,141.91947787199751,0.09270967729995998,2001,9
v0,Bbnplanet-r1,Bbnplanet,P,4,40,30,0.75,15,15,1.0,8.388766578906907,141.91947787199751,0.09270967729995998,2001,9
v0,Bbnplanet-r1,Bbnplanet,P,5,40,30,0.75,15,15,1.0,7.981019531280081,141.91947787199751,0.09270967729995998,2001,9
v0,Bbnplanet-r1,Bbnplanet,P,6,40,30,0.75,15,15,1.0,7.974900842496342,141.91947787199751,0.09270967729995998,2001,9
v0,Bbnplanet-r1,Bbnplanet,P,7,40,29,0.725,15,15,1.0,8.943602340706171,141.91947787199751,0.09270967729995998,2001,9
v0,Bbnplanet-r1,Bbnplanet,P,8,40,30,0.75,15,15,1.0,8.201332500357594,141.91947787199751,0.09270967729995998,2001,9
v0,Bbnplanet-r1,Bbnplanet,P,9,40,31,0.775,15,15,1.0,7.44544337225703,141.91947787199751,0.09270967729995998,2001,9
v0,Bbnplanet-r1,Bbnplanet,P,10,40,30,0.75,15,15,1.0,7.8455266704296,141.91947787199751,0.09270967729995998,2001,9
v0,Bbnplanet-r1,Bbnplanet,P,11,40,30,0.75,15,15,1.0,8.29537990233629,141.91947787199751,0.09270967729995998,2001,9
v0,Bbnplanet-r1,Bbnplanet,P,12,40,31,0.775,15,15,1.0,7.67479431437558,141.91947787199751,0.09270967729995998,2001,9
v0,Bbnplanet-r1,Bbnplanet,P,13,40,30,0.75,15,15,1.0,8.318697273457355,141.91947787199751,0.09270967729995998,2001,9
v0,Bbnplanet-r1,Bbnplanet,P,14,40,30,0.75,15,15,1.0,8.155930949520311,141.91947787199751,0.09270967729995998,2001,9
v0,Bbnplanet-r1,Bbnplanet,P,15,40,30,0.75,15,15,1.0,7.283893445108512,141.91947787199751,0.09270967729995998,2001,9
v0,Bbnplanet-r1,Bbnplanet,P,16,40,30,0.75,15,15,1.0,8.474222279377576,141.91947787199751,0.09270967729995998,2001,9
v0,Bbnplanet-r1,Bbnplanet,P,17,40,30,0.75,15,15,1.0,8.71559819807298,141.91947787199751,0.09270967729995998,2001,9
v0,Bbnplanet-r1,Bbnplanet,P,18,40,30,0.75,15,15,1.0,7.6263923441495685,141.91947787199751,0.09270967729995998,2001,9
v0,Bbnplanet-r1,Bbnplanet,P,19,40,29,0.725,15,15,1.0,8.064632111518751,141.91947787199751,0.09270967729995998,2001,9
v0,Bbnplanet-r1,Bbnplanet,P,20,40,29,0.725,15,15,1.0,8.24491537223558,141.91947787199751,0.09270967729995998,2001,9
v0,Bbnplanet-r1,Bbnplanet,P,21,40,30,0.75,15,15,1.0,7.942460170658641,141.91947787199751,0.09270967729995998,2001,9
v0,Bbnplanet-r1,Bbnplanet,P,22,40,29,0.725,15,15,1.0,8.706769214788256,141.91947787199751,0.09270967729995998,2001,9
v0,Bbnplanet-r1,Bbnplanet,P,23,40,30,0.75,15,15,1.0,7.9439207918805606,141.91947787199751,0.09270967729995998,2001,9
v0,Bbnplanet-r1,Bbnplanet,P,24,40,30,0.75,15,15,1.0,7.928482684604006,141.91947787199751,0.09270967729995998,2001,9
v0,Bbnplanet-r1,Bbnplanet,P,25,40,30,0.75,15,15,1.0,6.672081214849031,141.91947787199751,0.09270967729995998,2001,9
v0,Bbnplanet-r1,Bbnplanet,P,26,40,28,0.7,15,15,1.0,8.54177387477335,141.91947787199751,0.09270967729995998,2001,9
v0,Bbnplanet-r1,Bbnplanet,P,27,40,30,0.75,15,15,1.0,8.604242166778732,141.91947787199751,0.09270967729995998,2001,9
v0,Bbnplanet-r1,Bbnplanet,P,28,40,29,0.725,15,15,1.0,7.974868459855758,141.91947787199751,0.09270967729995998,2001,9
v0,Bbnplanet-r1,Bbnplanet,P,29,40,30,0.75,15,15,1.0,7.5033388719722645,141.91947787199751,0.09270967729995998,2001,9
v0,Canerie-r0,Canerie,B1,0,40,20,0.5,15,15,1.0,20.0,0.13695178999842028,0.028325726366771657,1,0
v0,Canerie-r0,Canerie,B1,1,40,19,0.475,15,15,1.0,20.997353303060876,0.13695178999842028,0.028325726366771657,1,0
v0,Canerie-r0,Canerie,B1,2,40,20,0.5,15,15,1.0,20.0,0.13695178999842028,0.028325726366771657,1,0
v0,Canerie-r0,Canerie,B1,3,40,20,0.5,15,15,1.0,20.0,0.13695178999842028,0.028325726366771657,1,0
v0,Canerie-r0,Canerie,B1,4,40,19,0.475,15,15,1.0,20.531719907265384,0.13695178999842028,0.028325726366771657,1,0
v0,Canerie-r0,Canerie,B1,5,40,20,0.5,15,15,1.0,20.0,0.13695178999842028,0.028325726366771657,1,0
v0,Canerie-r0,Canerie,B1,6,40,20,0.5,15,15,1.0,20.0,0.13695178999842028,0.028325726366771657,1,0
v0,Canerie-r0,Canerie,B1,7,40,19,0.475,15,15,1.0,20.531625434195515,0.13695178999842028,0.028325726366771657,1,0
v0,Canerie-r0,Canerie,B1,8,40,19,0.475,15,15,1.0,20.044256491721917,0.13695178999842028,0.028325726366771657,1,0
v0,Canerie-r0,Canerie,B1,9,40,19,0.475,15,15,1.0,20.42403362470353,0.13695178999842028,0.028325726366771657,1,0
v0,Canerie-r0,Canerie,B1,10,40,19,0.475,15,15,1.0,20.996669220917006,0.13695178999842028,0.028325726366771657,1,0
v0,Canerie-r0,Canerie,B1,11,40,19,0.475,15,15,1.0,20.530416185233616,0.13695178999842028,0.028325726366771657,1,0
v0,Canerie-r0,Canerie,B1,12,40,20,0.5,15,15,1.0,20.0,0.13695178999842028,0.028325726366771657,1,0
v0,Canerie-r0,Canerie,B1,13,40,19,0.475,15,15,1.0,20.424033624703533,0.13695178999842028,0.028325726366771657,1,0
v0,Canerie-r0,Canerie,B1,14,40,18,0.45,15,15,1.0,21.25903593689352,0.13695178999842028,0.028325726366771657,1,0
v0,Canerie-r0,Canerie,B1,15,40,19,0.475,15,15,1.0,20.42997063475557,0.13695178999842028,0.028325726366771657,1,0
v0,Canerie-r0,Canerie,B1,16,40,20,0.5,15,15,1.0,20.0,0.13695178999842028,0.028325726366771657,1,0
v0,Canerie-r0,Canerie,B1,17,40,20,0.5,15,15,1.0,20.0,0.13695178999842028,0.028325726366771657,1,0
v0,Canerie-r0,Canerie,B1,18,40,20,0.5,15,15,1.0,20.0,0.13695178999842028,0.028325726366771657,1,0
v0,Canerie-r0,Canerie,B1,19,40,19,0.475,15,15,1.0,20.531719907265384,0.13695178999842028,0.028325726366771657,1,0
v0,Canerie-r0,Canerie,B1,20,40,19,0.475,15,15,1.0,20.425460753263703,0.13695178999842028,0.028325726366771657,1,0
v0,Canerie-r0,Canerie,B1,21,40,19,0.475,15,15,1.0,20.615201523553697,0.13695178999842028,0.028325726366771657,1,0
v0,Canerie-r0,Canerie,B1,22,40,19,0.475,15,15,1.0,20.5450118347662,0.13695178999842028,0.028325726366771657,1,0
v0,Canerie-r0,Canerie,B1,23,40,20,0.5,15,15,1.0,20.0,0.13695178999842028,0.028325726366771657,1,0
v0,Canerie-r0,Canerie,B1,24,40,20,0.5,15,15,1.0,20.0,0.13695178999842028,0.028325726366771657,1,0
v0,Canerie-r0,Canerie,B1,25,40,20,0.5,15,15,1.0,20.0,0.13695178999842028,0.028325726366771657,1,0
v0,Canerie-r0,Canerie,B1,26,40,19,0.475,15,15,1.0,20.026414903944175,0.13695178999842028,0.028325726366771657,1,0
v0,Canerie-r0,Canerie,B1,27,40,19,0.475,15,15,1.0,20.531719907265384,0.13695178999842028,0.028325726366771657,1,0
v0,Canerie-r0,Canerie,B1,28,40,19,0.475,15,15,1.0,20.32752737728611,0.13695178999842028,0.028325726366771657,1,0
v0,Canerie-r0,Canerie,B1,29,40,19,0.475,15,15,1.0,20.54470269625475,0.13695178999842028,0.028325726366771657,1,0
v0,Canerie-r0,Canerie,B2,0,40,27,0.675,15,15,1.0,9.140625753878691,224.4155206439973,0.049827984399841325,2001,14
v0,Canerie-r0,Canerie,B2,1,40,25,0.625,15,15,1.0,11.280607689910873,224.4155206439973,0.049827984399841325,2001,14
v0,Canerie-r0,Canerie,B2,2,40,28,0.7,15,15,1.0,8.552898124308243,224.4155206439973,0.049827984399841325,2001,14
v0,Canerie-r0,Canerie,B2,3,40,26,0.65,15,15,1.0,9.68208927828604,224.4155206439973,0.049827984399841325,2001,14
v0,Canerie-r0,Canerie,B2,4,40,26,0.65,15,15,1.0,10.188466020233237,224.4155206439973,0.049827984399841325,2001,14
v0,Canerie-r0,Canerie,B2,5,40,27,0.675,15,15,1.0,9.095560688985543,224.4155206439973,0.049827984399841325,2001,14
v0,Canerie-r0,Canerie,B2,6,40,28,0.7,15,15,1.0,9.252693227990095,224.4155206439973,0.049827984399841325,2001,14
v0,Canerie-r0,Canerie,B2,7,40,27,0.675,15,15,1.0,9.594834189904528,224.4155206439973,0.049827984399841325,2001,14
v0,Canerie-r0,Canerie,B2,8,40,28,0.7,15,15,1.0,8.587203642154716,224.4155206439973,0.049827984399841325,2001,14
v0,Canerie-r0,Canerie,B2,9,40,25,0.625,15,15,1.0,8.752060368012632,224.4155206439973,0.049827984399841325,2001,14
v0,Canerie-r0,Canerie,B2,10,40,27,0.675,15,15,1.0,10.663024688684413,224.4155206439973,0.049827984399841325,2001,14
v0,Canerie-r0,Canerie,B2,11,40,26,0.65,15,15,1.0,11.10140830748518,224.4155206439973,0.049827984399841325,2001,14
v0,Canerie-r0,Canerie,B2,12,40,28,0.7,15,15,1.0,8.932290054793528,224.4155206439973,0.049827984399841325,2001,14
v0,Canerie-r0,Canerie,B2,13,40,26,0.65,15,15,1.0,10.733770380869103,224.4155206439973,0.049827984399841325,2001,14
v0,Canerie-r0,Canerie,B2,14,40,25,0.625,15,15,1.0,10.630810627735597,224.4155206439973,0.049827984399841325,2001,14
v0,Canerie-r0,Canerie,B2,15,40,26,0.65,15,15,1.0,10.892674856708725,224.4155206439973,0.049827984399841325,2001,14
v0,Canerie-r0,Canerie,B2,16,40,25,0.625,15,15,1.0,11.030001915047238,224.4155206439973,0.049827984399841325,2001,14
v0,Canerie-r0,Canerie,B2,17,40,28,0.7,15,15,1.0,9.152745716200743,224.4155206439973,0.049827984399841325,2001,14
v0,Canerie-r0,Canerie,B2,18,40,25,0.625,15,15,1.0,10.694967237234412,224.4155206439973,0.049827984399841325,2001,14
v0,Canerie-r0,Canerie,B2,19,40,25,0.625,15,15,1.0,10.482078577208505,224.4155206439973,0.049827984399841325,2001,14
v0,Canerie-r0,Canerie,B2,20,40,26,0.65,15,15,1.0,10.462731558193108,224.4155206439973,0.049827984399841325,2001,14
v0,Canerie-r0,Canerie,B2,21,40,26,0.65,15,15,1.0,10.901913449031072,224.4155206439973,0.049827984399841325,2001,14
v0,Canerie-r0,Canerie,B2,22,40,27,0.675,15,15,1.0,9.781190329885872,224.4155206439973,0.049827984399841325,2001,14
v0,Canerie-r0,Canerie,B2,23,40,28,0.7,15,15,1.0,9.220833602167948,224.4155206439973,0.049827984399841325,2001,14
v0,Canerie-r0,Canerie,B2,24,40,27,0.675,15,15,1.0,8.57732021775577,224.4155206439973,0.049827984399841325,2001,14
v0,Canerie-r0,Canerie,B2,25,40,26,0.65,15,15,1.0,8.629337763419992,224.4155206439973,0.049827984399841325,2001,14
v0,Canerie-r0,Canerie,B2,26,40,26,0.65,15,15,1.0,11.151043826827278,224.4155206439973,0.049827984399841325,2001,14
v0,Canerie-r0,Canerie,B2,27,40,27,0.675,15,15,1.0,9.579406215597155,224.4155206439973,0.049827984399841325,2001,14
v0,Canerie-r0,Canerie,B2,28,40,27,0.675,15,15,1.0,10.36543037896299,224.4155206439973,0.049827984399841325,2001,14
v0,Canerie-r0,Canerie,B2,29,40,25,0.625,15,15,1.0,10.415381899816769,224.4155206439973,0.049827984399841325,2001,14
v0,Canerie-r0,Canerie,B3,0,40,21,0.525,15,15,1.0,11.371957927821976,199.7362233140011,0.05331799203316526,2001,17
v0,Canerie-r0,Canerie,B3,1,40,20,0.5,15,15,1.0,12.087775199452876,199.7362233140011,0.05331799203316526,2001,17
v0,Canerie-r0,Canerie,B3,2,40,19,0.475,15,15,1.0,13.055380823435046,199.7362233140011,0.05331799203316526,2001,17
v0,Canerie-r0,Canerie,B3,3,40,21,0.525,15,15,1.0,12.010250519333919,199.7362233140011,0.05331799203316526,2001,17
v0,Canerie-r0,Canerie,B3,4,40,21,0.525,15,15,1.0,12.13639361043994,199.7362233140011,0.05331799203316526,2001,17
v0,Canerie-r0,Canerie,B3,5,40,22,0.55,15,15,1.0,12.588564607372426,199.7362233140011,0.05331799203316526,2001,17
v0,Canerie-r0,Canerie,B3,6,40,21,0.525,15,15,1.0,12.962031661389561,199.7362233140011,0.05331799203316526,2001,17
v0,Canerie-r0,Canerie,B3,7,40,20,0.5,15,15,1.0,12.49185156448686,199.7362233140011,0.05331799203316526,2001,17
v0,Canerie-r0,Canerie,B3,8,40,21,0.525,15,15,1.0,12.485907089254573,199.7362233140011,0.05331799203316526,2001,17
v0,Canerie-r0,Canerie,B3,9,40,20,0.5,15,15,1.0,13.063721329620119,199.7362233140011,0.05331799203316526,2001,17
v0,Canerie-r0,Canerie,B3,10,40,18,0.45,15,15,1.0,14.363502692857866,199.7362233140011,0.05331799203316526,2001,17
v0,Canerie-r0,Canerie,B3,11,40,20,0.5,15,15,1.0,13.603672814182056,199.7362233140011,0.05331799203316526,2001,17
v0,Canerie-r0,Canerie,B3,12,40,21,0.525,15,15,1.0,12.678416761869338,199.7362233140011,0.05331799203316526,2001,17
v0,Canerie-r0,Canerie,B3,13,40,21,0.525,15,15,1.0,12.317979257971437,199.7362233140011,0.05331799203316526,2001,17
v0,Canerie-r0,Canerie,B3,14,40,23,0.575,15,15,1.0,12.940369827116893,199.7362233140011,0.05331799203316526,2001,17
v0,Canerie-r0,Canerie,B3,15,40,21,0.525,15,15,1.0,10.682667284102935,199.7362233140011,0.05331799203316526,2001,17
v0,Canerie-r0,Canerie,B3,16,40,22,0.55,15,15,1.0,10.812151763374672,199.7362233140011,0.05331799203316526,2001,17
v0,Canerie-r0,Canerie,B3,17,40,20,0.5,15,15,1.0,13.186076670020592,199.7362233140011,0.05331799203316526,2001,17
v0,Canerie-r0,Canerie,B3,18,40,21,0.525,15,15,1.0,13.159631985864575,199.7362233140011,0.05331799203316526,2001,17
v0,Canerie-r0,Canerie,B3,19,40,19,0.475,15,15,1.0,12.6868997421575,199.7362233140011,0.05331799203316526,2001,17
v0,Canerie-r0,Canerie,B3,20,40,21,0.525,15,15,1.0,14.041673808761763,199.7362233140011,0.05331799203316526,2001,17
v0,Canerie-r0,Canerie,B3,21,40,22,0.55,15,15,1.0,13.294482582163083,199.7362233140011,0.05331799203316526,2001,17
v0,Canerie-r0,Canerie,B3,22,40,21,0.525,15,15,1.0,12.647876075399543,199.7362233140011,0.05331799203316526,2001,17
v0,Canerie-r0,Canerie,B3,23,40,22,0.55,15,15,1.0,10.863249446624051,199.7362233140011,0.05331799203316526,2001,17
v0,Canerie-r0,Canerie,B3,24,40,20,0.5,15,15,1.0,13.048848656999393,199.7362233140011,0.05331799203316526,2001,17
v0,Canerie-r0,Canerie,B3,25,40,16,0.4,15,15,1.0,13.916596403218131,199.7362233140011,0.05331799203316526,2001,17
v0,Canerie-r0,Canerie,B3,26,40,21,0.525,15,15,1.0,11.715202073054241,199.7362233140011,0.05331799203316526,2001,17
v0,Canerie-r0,Canerie,B3,27,40,20,0.5,15,15,1.0,12.828980642585735,199.7362233140011,0.05331799203316526,2001,17
v0,Canerie-r0,Canerie,B3,28,40,20,0.5,15,15,1.0,12.814294921615003,199.7362233140011,0.05331799203316526,2001,17
v0,Canerie-r0,Canerie,B3,29,40,21,0.525,15,15,1.0,12.436529680653742,199.7362233140011,0.05331799203316526,2001,17
v0,Canerie-r0,Canerie,P,0,40,28,0.7,15,15,1.0,8.577797639975428,159.6947689160006,0.047980313566707386,2001,14
v0,Canerie-r0,Canerie,P,1,40,26,0.65,15,15,1.0,9.840230131547901,159.6947689160006,0.047980313566707386,2001,14
v0,Canerie-r0,Canerie,P,2,40,27,0.675,15,15,1.0,8.979762224173509,159.6947689160006,0.047980313566707386,2001,14
v0,Canerie-r0,Canerie,P,3,40,29,0.725,15,15,1.0,8.194200168893902,159.6947689160006,0.047980313566707386,2001,14
v0,Canerie-r0,Canerie,P,4,40,26,0.65,15,15,1.0,9.53745844376851,159.6947689160006,0.047980313566707386,2001,14
v0,Canerie-r0,Canerie,P,5,40,28,0.7,15,15,1.0,8.550152932931214,159.6947689160006,0.047980313566707386,2001,14
v0,Canerie-r0,Canerie,P,6,40,27,0.675,15,15,1.0,8.16421927469909,159.6947689160006,0.047980313566707386,2001,14
v0,Canerie-r0,Canerie,P,7,40,26,0.65,15,15,1.0,8.671455947202142,159.6947689160006,0.047980313566707386,2001,14
v0,Canerie-r0,Canerie,P,8,40,28,0.7,15,15,1.0,8.344545626976876,159.6947689160006,0.047980313566707386,2001,14
v0,Canerie-r0,Canerie,P,9,40,26,0.65,15,15,1.0,8.74032504511816,159.6947689160006,0.047980313566707386,2001,14
v0,Canerie-r0,Canerie,P,10,40,28,0.7,15,15,1.0,9.16694701754166,159.6947689160006,0.047980313566707386,2001,14
v0,Canerie-r0,Canerie,P,11,40,27,0.675,15,15,1.0,9.896901685209595,159.6947689160006,0.047980313566707386,2001,14
v0,Canerie-r0,Canerie,P,12,40,29,0.725,15,15,1.0,8.264118345631159,159.6947689160006,0.047980313566707386,2001,14
v0,Canerie-r0,Canerie,P,13,40,27,0.675,15,15,1.0,9.196578132198196,159.6947689160006,0.047980313566707386,2001,14
v0,Canerie-r0,Canerie,P,14,40,26,0.65,15,15,1.0,9.328890241991349,159.6947689160006,0.047980313566707386,2001,14
v0,Canerie-r0,Canerie,P,15,40,27,0.675,15,15,1.0,9.423854833728962,159.6947689160006,0.047980313566707386,2001,14
v0,Canerie-r0,Canerie,P,16,40,28,0.7,15,15,1.0,8.221264733926219,159.6947689160006,0.047980313566707386,2001,14
v0,Canerie-r0,Canerie,P,17,40,30,0.75,15,15,1.0,7.3640445012494755,159.6947689160006,0.047980313566707386,2001,14
v0,Canerie-r0,Canerie,P,18,40,26,0.65,15,15,1.0,9.520625408854798,159.6947689160006,0.047980313566707386,2001,14
v0,Canerie-r0,Canerie,P,19,40,25,0.625,15,15,1.0,10.271341250535196,159.6947689160006,0.047980313566707386,2001,14
v0,Canerie-r0,Canerie,P,20,40,27,0.675,15,15,1.0,10.112210197600453,159.6947689160006,0.047980313566707386,2001,14
v0,Canerie-r0,Canerie,P,21,40,27,0.675,15,15,1.0,9.250267933025594,159.6947689160006,0.047980313566707386,2001,14
v0,Canerie-r0,Canerie,P,22,40,27,0.675,15,15,1.0,8.968805820660945,159.6947689160006,0.047980313566707386,2001,14
v0,Canerie-r0,Canerie,P,23,40,29,0.725,15,15,1.0,8.901021483672743,159.6947689160006,0.047980313566707386,2001,14
v0,Canerie-r0,Canerie,P,24,40,28,0.7,15,15,1.0,7.769171072970291,159.6947689160006,0.047980313566707386,2001,14
v0,Canerie-r0,Canerie,P,25,40,26,0.65,15,15,1.0,8.51611824481622,159.6947689160006,0.047980313566707386,2001,14
v0,Canerie-r0,Canerie,P,26,40,28,0.7,15,15,1.0,9.433434882283413,159.6947689160006,0.047980313566707386,2001,14
v0,Canerie-r0,Canerie,P,27,40,25,0.625,15,15,1.0,8.784632668521988,159.6947689160006,0.047980313566707386,2001,14
v0,Canerie-r0,Canerie,P,28,40,28,0.7,15,15,1.0,8.890068645723334,159.6947689160006,0.047980313566707386,2001,14
v0,Canerie-r0,Canerie,P,29,40,27,0.675,15,15,1.0,9.631921309198727,159.6947689160006,0.047980313566707386,2001,14
v0,Canerie-r1,Canerie,B1,0,40,34,0.85,15,15,1.0,6.000000000000001,0.12910030099737924,0.046781168966845144,1,0
v0,Canerie-r1,Canerie,B1,1,40,33,0.825,15,15,1.0,6.213749138242553,0.12910030099737924,0.046781168966845144,1,0
v0,Canerie-r1,Canerie,B1,2,40,34,0.85,15,15,1.0,6.000000000000001,0.12910030099737924,0.046781168966845144,1,0
v0,Canerie-r1,Canerie,B1,3,40,34,0.85,15,15,1.0,6.000000000000001,0.12910030099737924,0.046781168966845144,1,0
v0,Canerie-r1,Canerie,B1,4,40,34,0.85,15,15,1.0,6.000000000000001,0.12910030099737924,0.046781168966845144,1,0
v0,Canerie-r1,Canerie,B1,5,40,34,0.85,15,15,1.0,6.000000000000001,0.12910030099737924,0.046781168966845144,1,0
v0,Canerie-r1,Canerie,B1,6,40,34,0.85,15,15,1.0,6.000000000000001,0.12910030099737924,0.046781168966845144,1,0
v0,Canerie-r1,Canerie,B1,7,40,34,0.85,15,15,1.0,6.000000000000001,0.12910030099737924,0.046781168966845144,1,0
v0,Canerie-r1,Canerie,B1,8,40,34,0.85,15,15,1.0,6.000000000000001,0.12910030099737924,0.046781168966845144,1,0
v0,Canerie-r1,Canerie,B1,9,40,34,0.85,15,15,1.0,6.000000000000002,0.12910030099737924,0.046781168966845144,1,0
v0,Canerie-r1,Canerie,B1,10,40,34,0.85,15,15,1.0,6.000000000000001,0.12910030099737924,0.046781168966845144,1,0
v0,Canerie-r1,Canerie,B1,11,40,33,0.825,15,15,1.0,6.214808447934285,0.12910030099737924,0.046781168966845144,1,0
v0,Canerie-r1,Canerie,B1,12,40,34,0.85,15,15,1.0,6.000000000000001,0.12910030099737924,0.046781168966845144,1,0
v0,Canerie-r1,Canerie,B1,13,40,34,0.85,15,15,1.0,6.000000000000001,0.12910030099737924,0.046781168966845144,1,0
v0,Canerie-r1,Canerie,B1,14,40,34,0.85,15,15,1.0,6.000000000000001,0.12910030099737924,0.046781168966845144,1,0
v0,Canerie-r1,Canerie,B1,15,40,34,0.85,15,15,1.0,6.000000000000001,0.12910030099737924,0.046781168966845144,1,0
v0,Canerie-r1,Canerie,B1,16,40,34,0.85,15,15,1.0,6.000000000000001,0.12910030099737924,0.046781168966845144,1,0
v0,Canerie-r1,Canerie,B1,17,40,34,0.85,15,15,1.0,6.000000000000001,0.12910030099737924,0.046781168966845144,1,0
v0,Canerie-r1,Canerie,B1,18,40,34,0.85,15,15,1.0,6.000000000000001,0.12910030099737924,0.046781168966845144,1,0
v0,Canerie-r1,Canerie,B1,19,40,34,0.85,15,15,1.0,6.000000000000002,0.12910030099737924,0.046781168966845144,1,0
v0,Canerie-r1,Canerie,B1,20,40,34,0.85,15,15,1.0,6.000000000000001,0.12910030099737924,0.046781168966845144,1,0
v0,Canerie-r1,Canerie,B1,21,40,34,0.85,15,15,1.0,6.000000000000001,0.12910030099737924,0.046781168966845144,1,0
v0,Canerie-r1,Canerie,B1,22,40,32,0.8,15,15,1.0,6.9024775753786365,0.12910030099737924,0.046781168966845144,1,0
v0,Canerie-r1,Canerie,B1,23,40,34,0.85,15,15,1.0,6.000000000000001,0.12910030099737924,0.046781168966845144,1,0
v0,Canerie-r1,Canerie,B1,24,40,34,0.85,15,15,1.0,6.000000000000001,0.12910030099737924,0.046781168966845144,1,0
v0,Canerie-r1,Canerie,B1,25,40,34,0.85,15,15,1.0,6.000000000000001,0.12910030099737924,0.046781168966845144,1,0
v0,Canerie-r1,Canerie,B1,26,40,34,0.85,15,15,1.0,6.000000000000001,0.12910030099737924,0.046781168966845144,1,0
v0,Canerie-r1,Canerie,B1,27,40,34,0.85,15,15,1.0,6.000000000000001,0.12910030099737924,0.046781168966845144,1,0
v0,Canerie-r1,Canerie,B1,28,40,34,0.85,15,15,1.0,6.000000000000001,0.12910030099737924,0.046781168966845144,1,0
v0,Canerie-r1,Canerie,B1,29,40,34,0.85,15,15,1.0,6.000000000000001,0.12910030099737924,0.046781168966845144,1,0
v0,Canerie-r1,Canerie,B2,0,40,34,0.85,15,15,1.0,3.6696207228201554,215.80122177099838,0.1039961868331981,2001,0
v0,Canerie-r1,Canerie,B2,1,40,33,0.825,15,15,1.0,3.8744274786798063,215.80122177099838,0.1039961868331981,2001,0
v0,Canerie-r1,Canerie,B2,2,40,34,0.85,15,15,1.0,3.674822865526328,215.80122177099838,0.1039961868331981,2001,0
v0,Canerie-r1,Canerie,B2,3,40,33,0.825,15,15,1.0,3.2170707727763066,215.80122177099838,0.1039961868331981,2001,0
v0,Canerie-r1,Canerie,B2,4,40,34,0.85,15,15,1.0,3.7028966542966826,215.80122177099838,0.1039961868331981,2001,0
v0,Canerie-r1,Canerie,B2,5,40,34,0.85,15,15,1.0,3.0593460966280075,215.80122177099838,0.1039961868331981,2001,0
v0,Canerie-r1,Canerie,B2,6,40,34,0.85,15,15,1.0,3.7071880027144406,215.80122177099838,0.1039961868331981,2001,0
v0,Canerie-r1,Canerie,B2,7,40,34,0.85,15,15,1.0,3.7343740955577656,215.80122177099838,0.1039961868331981,2001,0
v0,Canerie-r1,Canerie,B2,8,40,33,0.825,15,15,1.0,4.417492695793574,215.80122177099838,0.1039961868331981,2001,0
v0,Canerie-r1,Canerie,B2,9,40,34,0.85,15,15,1.0,3.649659925749133,215.80122177099838,0.1039961868331981,2001,0
v0,Canerie-r1,Canerie,B2,10,40,34,0.85,15,15,1.0,3.7343653746785885,215.80122177099838,0.1039961868331981,2001,0
v0,Canerie-r1,Canerie,B2,11,40,34,0.85,15,15,1.0,3.2218250367014023,215.80122177099838,0.1039961868331981,2001,0
v0,Canerie-r1,Canerie,B2,12,40,31,0.775,15,15,1.0,4.677455723590899,215.80122177099838,0.1039961868331981,2001,0
v0,Canerie-r1,Canerie,B2,13,40,32,0.8,15,15,1.0,3.875229439182255,215.80122177099838,0.1039961868331981,2001,0
v0,Canerie-r1,Canerie,B2,14,40,33,0.825,15,15,1.0,4.188292952512403,215.80122177099838,0.1039961868331981,2001,0
v0,Canerie-r1,Canerie,B2,15,40,31,0.775,15,15,1.0,4.785887085781046,215.80122177099838,0.1039961868331981,2001,0
v0,Canerie-r1,Canerie,B2,16,40,34,0.85,15,15,1.0,3.647594721974816,215.80122177099838,0.1039961868331981,2001,0
v0,Canerie-r1,Canerie,B2,17,40,33,0.825,15,15,1.0,4.430981941998499,215.80122177099838,0.1039961868331981,2001,0
v0,Canerie-r1,Canerie,B2,18,40,34,0.85,15,15,1.0,3.5204480286529383,215.80122177099838,0.1039961868331981,2001,0
v0,Canerie-r1,Canerie,B2,19,40,33,0.825,15,15,1.0,3.8291202180129935,215.80122177099838,0.1039961868331981,2001,0
v0,Canerie-r1,Canerie,B2,20,40,33,0.825,15,15,1.0,3.87127012999058,215.80122177099838,0.1039961868331981,2001,0
v0,Canerie-r1,Canerie,B2,21,40,34,0.85,15,15,1.0,3.485054029279931,215.80122177099838,0.1039961868331981,2001,0
v0,Canerie-r1,Canerie,B2,22,40,33,0.825,15,15,1.0,4.403254790292356,215.80122177099838,0.1039961868331981,2001,0
v0,Canerie-r1,Canerie,B2,23,40,34,0.85,15,15,1.0,3.2024069769205843,215.80122177099838,0.1039961868331981,2001,0
v0,Canerie-r1,Canerie,B2,24,40,34,0.85,15,15,1.0,3.569883081118237,215.80122177099838,0.1039961868331981,2001,0
v0,Canerie-r1,Canerie,B2,25,40,32,0.8,15,15,1.0,3.5221947902457766,215.80122177099838,0.1039961868331981,2001,0
v0,Canerie-r1,Canerie,B2,26,40,34,0.85,15,15,1.0,3.5760048692246356,215.80122177099838,0.1039961868331981,2001,0
v0,Canerie-r1,Canerie,B2,27,40,34,0.85,15,15,1.0,3.4029144731262,215.80122177099838,0.1039961868331981,2001,0
v0,Canerie-r1,Canerie,B2,28,40,33,0.825,15,15,1.0,4.066471075885462,215.80122177099838,0.1039961868331981,2001,0
v0,Canerie-r1,Canerie,B2,29,40,34,0.85,15,15,1.0,3.6639079280936278,215.80122177099838,0.1039961868331981,2001,0
v0,Canerie-r1,Canerie,B3,0,40,28,0.7,15,15,1.0,8.774360202978478,211.70173374399747,0.1262925478333879,2001,5
v0,Canerie-r1,Canerie,B3,1,40,27,0.675,15,15,1.0,8.611405103694617,211.70173374399747,0.1262925478333879,2001,5
v0,Canerie-r1,Canerie,B3,2,40,28,0.7,15,15,1.0,8.087918857555586,211.70173374399747,0.1262925478333879,2001,5
v0,Canerie-r1,Canerie,B3,3,40,27,0.675,15,15,1.0,9.10902484037882,211.70173374399747,0.1262925478333879,2001,5
v0,Canerie-r1,Canerie,B3,4,40,28,0.7,15,15,1.0,9.029091760232884,211.70173374399747,0.1262925478333879,2001,5
v0,Canerie-r1,Canerie,B3,5,40,29,0.725,15,15,1.0,7.372348318020572,211.70173374399747,0.1262925478333879,2001,5
v0,Canerie-r1,Canerie,B3,6,40,28,0.7,15,15,1.0,8.65602941770018,211.70173374399747,0.1262925478333879,2001,5
v0,Canerie-r1,Canerie,B3,7,40,27,0.675,15,15,1.0,10.216400401982773,211.70173374399747,0.1262925478333879,2001,5
v0,Canerie-r1,Canerie,B3,8,40,27,0.675,15,15,1.0,9.761305445265801,211.70173374399747,0.1262925478333879,2001,5
v0,Canerie-r1,Canerie,B3,9,40,27,0.675,15,15,1.0,9.577551088986453,211.70173374399747,0.1262925478333879,2001,5
v0,Canerie-r1,Canerie,B3,10,40,27,0.675,15,15,1.0,9.291641849208856,211.70173374399747,0.1262925478333879,2001,5
v0,Canerie-r1,Canerie,B3,11,40,28,0.7,15,15,1.0,7.849418210408154,211.70173374399747,0.1262925478333879,2001,5
v0,Canerie-r1,Canerie,B3,12,40,28,0.7,15,15,1.0,8.048459665270256,211.70173374399747,0.1262925478333879,2001,5
v0,Canerie-r1,Canerie,B3,13,40,28,0.7,15,15,1.0,7.964554928695988,211.70173374399747,0.1262925478333879,2001,5
v0,Canerie-r1,Canerie,B3,14,40,28,0.7,15,15,1.0,8.281889093435165,211.70173374399747,0.1262925478333879,2001,5
v0,Canerie-r1,Canerie,B3,15,40,28,0.7,15,15,1.0,9.053104615017338,211.70173374399747,0.1262925478333879,2001,5
v0,Canerie-r1,Canerie,B3,16,40,27,0.675,15,15,1.0,9.289289565371615,211.70173374399747,0.1262925478333879,2001,5
v0,Canerie-r1,Canerie,B3,17,40,27,0.675,15,15,1.0,9.165556227892802,211.70173374399747,0.1262925478333879,2001,5
v0,Canerie-r1,Canerie,B3,18,40,27,0.675,15,15,1.0,9.150823089466073,211.70173374399747,0.1262925478333879,2001,5
v0,Canerie-r1,Canerie,B3,19,40,26,0.65,15,15,1.0,10.283651944278327,211.70173374399747,0.1262925478333879,2001,5
v0,Canerie-r1,Canerie,B3,20,40,29,0.725,15,15,1.0,7.7970661473360225,211.70173374399747,0.1262925478333879,2001,5
v0,Canerie-r1,Canerie,B3,21,40,27,0.675,15,15,1.0,8.64653184815054,211.70173374399747,0.1262925478333879,2001,5
v0,Canerie-r1,Canerie,B3,22,40,28,0.7,15,15,1.0,8.973536121588666,211.70173374399747,0.1262925478333879,2001,5
v0,Canerie-r1,Canerie,B3,23,40,27,0.675,15,15,1.0,8.441578875643524,211.70173374399747,0.1262925478333879,2001,5
v0,Canerie-r1,Canerie,B3,24,40,28,0.7,15,15,1.0,8.379329841668541,211.70173374399747,0.1262925478333879,2001,5
v0,Canerie-r1,Canerie,B3,25,40,28,0.7,15,15,1.0,8.104002308264132,211.70173374399747,0.1262925478333879,2001,5
v0,Canerie-r1,Canerie,B3,26,40,29,0.725,15,15,1.0,7.8841060160681415,211.70173374399747,0.1262925478333879,2001,5
v0,Canerie-r1,Canerie,B3,27,40,27,0.675,15,15,1.0,9.727519385975153,211.70173374399747,0.1262925478333879,2001,5
v0,Canerie-r1,Canerie,B3,28,40,28,0.7,15,15,1.0,9.453129222163408,211.70173374399747,0.1262925478333879,2001,5
v0,Canerie-r1,Canerie,B3,29,40,28,0.7,15,15,1.0,9.454872389784377,211.70173374399747,0.1262925478333879,2001,5
v0,Canerie-r1,Canerie,P,0,40,34,0.85,15,15,1.0,3.670809967129921,196.2879087209949,0.05914699053343308,2001,1
v0,Canerie-r1,Canerie,P,1,40,33,0.825,15,15,1.0,3.8699785627125856,196.2879087209949,0.05914699053343308,2001,1
v0,Canerie-r1,Canerie,P,2,40,34,0.85,15,15,1.0,3.6751702861226376,196.2879087209949,0.05914699053343308,2001,1
v0,Canerie-r1,Canerie,P,3,40,33,0.825,15,15,1.0,3.6607579898612674,196.2879087209949,0.05914699053343308,2001,1
v0,Canerie-r1,Canerie,P,4,40,34,0.85,15,15,1.0,3.700223067519622,196.2879087209949,0.05914699053343308,2001,1
v0,Canerie-r1,Canerie,P,5,40,34,0.85,15,15,1.0,3.336123507438006,196.2879087209949,0.05914699053343308,2001,1
v0,Canerie-r1,Canerie,P,6,40,32,0.8,15,15,1.0,4.594753948317563,196.2879087209949,0.05914699053343308,2001,1
v0,Canerie-r1,Canerie,P,7,40,34,0.85,15,15,1.0,3.7299227868745377,196.2879087209949,0.05914699053343308,2001,1
v0,Canerie-r1,Canerie,P,8,40,33,0.825,15,15,1.0,4.577313636181984,196.2879087209949,0.05914699053343308,2001,1
v0,Canerie-r1,Canerie,P,9,40,34,0.85,15,15,1.0,3.653413531887362,196.2879087209949,0.05914699053343308,2001,1
v0,Canerie-r1,Canerie,P,10,40,34,0.85,15,15,1.0,3.72972968465629,196.2879087209949,0.05914699053343308,2001,1
v0,Canerie-r1,Canerie,P,11,40,34,0.85,15,15,1.0,3.5556353383346266,196.2879087209949,0.05914699053343308,2001,1
v0,Canerie-r1,Canerie,P,12,40,30,0.75,15,15,1.0,6.0143574678390355,196.2879087209949,0.05914699053343308,2001,1
v0,Canerie-r1,Canerie,P,13,40,34,0.85,15,15,1.0,3.3234073017376287,196.2879087209949,0.05914699053343308,2001,1
v0,Canerie-r1,Canerie,P,14,40,31,0.775,15,15,1.0,6.248827770252821,196.2879087209949,0.05914699053343308,2001,1
v0,Canerie-r1,Canerie,P,15,40,32,0.8,15,15,1.0,4.749795935138885,196.2879087209949,0.05914699053343308,2001,1
v0,Canerie-r1,Canerie,P,16,40,32,0.8,15,15,1.0,4.927163634874719,196.2879087209949,0.05914699053343308,2001,1
v0,Canerie-r1,Canerie,P,17,40,34,0.85,15,15,1.0,3.7297302992244243,196.2879087209949,0.05914699053343308,2001,1
v0,Canerie-r1,Canerie,P,18,40,34,0.85,15,15,1.0,3.5617550788132357,196.2879087209949,0.05914699053343308,2001,1
v0,Canerie-r1,Canerie,P,19,40,33,0.825,15,15,1.0,3.931170505060446,196.2879087209949,0.05914699053343308,2001,1
v0,Canerie-r1,Canerie,P,20,40,34,0.85,15,15,1.0,3.691720479804239,196.2879087209949,0.05914699053343308,2001,1
v0,Canerie-r1,Canerie,P,21,40,34,0.85,15,15,1.0,3.5584436988411,196.2879087209949,0.05914699053343308,2001,1
v0,Canerie-r1,Canerie,P,22,40,31,0.775,15,15,1.0,5.722218948637267,196.2879087209949,0.05914699053343308,2001,1
v0,Canerie-r1,Canerie,P,23,40,32,0.8,15,15,1.0,3.982388998602603,196.2879087209949,0.05914699053343308,2001,1
v0,Canerie-r1,Canerie,P,24,40,31,0.775,15,15,1.0,4.832885348066209,196.2879087209949,0.05914699053343308,2001,1
v0,Canerie-r1,Canerie,P,25,40,34,0.85,15,15,1.0,3.7297340450958787,196.2879087209949,0.05914699053343308,2001,1
v0,Canerie-r1,Canerie,P,26,40,34,0.85,15,15,1.0,3.586666016913708,196.2879087209949,0.05914699053343308,2001,1
v0,Canerie-r1,Canerie,P,27,40,34,0.85,15,15,1.0,3.4503361385552784,196.2879087209949,0.05914699053343308,2001,1
v0,Canerie-r1,Canerie,P,28,40,31,0.775,15,15,1.0,5.494444018187748,196.2879087209949,0.05914699053343308,2001,1
v0,Canerie-r1,Canerie,P,29,40,34,0.85,15,15,1.0,3.6655153407163015,196.2879087209949,0.05914699053343308,2001,1
v0,Fccn-r0,Fccn,B1,0,40,4,0.1,15,15,1.0,35.034460249965115,0.1485780440052622,0.01641131789995901,1,0
v0,Fccn-r0,Fccn,B1,1,40,5,0.125,15,15,1.0,35.0,0.1485780440052622,0.01641131789995901,1,0
v0,Fccn-r0,Fccn,B1,2,40,5,0.125,15,15,1.0,35.0,0.1485780440052622,0.01641131789995901,1,0
v0,Fccn-r0,Fccn,B1,3,40,4,0.1,15,15,1.0,35.14135274700505,0.1485780440052622,0.01641131789995901,1,0
v0,Fccn-r0,Fccn,B1,4,40,3,0.075,15,15,1.0,36.37138592995339,0.1485780440052622,0.01641131789995901,1,0
v0,Fccn-r0,Fccn,B1,5,40,5,0.125,15,15,1.0,35.0,0.1485780440052622,0.01641131789995901,1,0
v0,Fccn-r0,Fccn,B1,6,40,3,0.075,15,15,1.0,36.690218985599394,0.1485780440052622,0.01641131789995901,1,0
v0,Fccn-r0,Fccn,B1,7,40,2,0.05,15,15,1.0,36.571299536680996,0.1485780440052622,0.01641131789995901,1,0
v0,Fccn-r0,Fccn,B1,8,40,4,0.1,15,15,1.0,35.60730271863333,0.1485780440052622,0.01641131789995901,1,0
v0,Fccn-r0,Fccn,B1,9,40,3,0.075,15,15,1.0,36.86333517058874,0.1485780440052622,0.01641131789995901,1,0
v0,Fccn-r0,Fccn,B1,10,40,5,0.125,15,15,1.0,35.0,0.1485780440052622,0.01641131789995901,1,0
v0,Fccn-r0,Fccn,B1,11,40,3,0.075,15,15,1.0,36.8602132630115,0.1485780440052622,0.01641131789995901,1,0
v0,Fccn-r0,Fccn,B1,12,40,5,0.125,15,15,1.0,35.0,0.1485780440052622,0.01641131789995901,1,0
v0,Fccn-r0,Fccn,B1,13,40,4,0.1,15,15,1.0,35.345355217626945,0.1485780440052622,0.01641131789995901,1,0
v0,Fccn-r0,Fccn,B1,14,40,4,0.1,15,15,1.0,35.31779668486369,0.1485780440052622,0.01641131789995901,1,0
v0,Fccn-r0,Fccn,B1,15,40,4,0.1,15,15,1.0,35.467197174030815,0.1485780440052622,0.01641131789995901,1,0
v0,Fccn-r0,Fccn,B1,16,40,1,0.025,15,15,1.0,38.16848299167946,0.1485780440052622,0.01641131789995901,1,0
v0,Fccn-r0,Fccn,B1,17,40,5,0.125,15,15,1.0,35.0,0.1485780440052622,0.01641131789995901,1,0
v0,Fccn-r0,Fccn,B1,18,40,1,0.025,15,15,1.0,37.602565551591475,0.1485780440052622,0.01641131789995901,1,0
v0,Fccn-r0,Fccn,B1,19,40,4,0.1,15,15,1.0,35.01695649835101,0.1485780440052622,0.01641131789995901,1,0
v0,Fccn-r0,Fccn,B1,20,40,5,0.125,15,15,1.0,35.0,0.1485780440052622,0.01641131789995901,1,0
v0,Fccn-r0,Fccn,B1,21,40,0,0.0,15,15,1.0,38.93100653616031,0.1485780440052622,0.01641131789995901,1,0
v0,Fccn-r0,Fccn,B1,22,40,4,0.1,15,15,1.0,35.4095139840935,0.1485780440052622,0.01641131789995901,1,0
v0,Fccn-r0,Fccn,B1,23,40,4,0.1,15,15,1.0,35.95925668223248,0.1485780440052622,0.01641131789995901,1,0
v0,Fccn-r0,Fccn,B1,24,40,4,0.1,15,15,1.0,35.60732556591529,0.1485780440052622,0.01641131789995901,1,0
v0,Fccn-r0,Fccn,B1,25,40,5,0.125,15,15,1.0,35.0,0.1485780440052622,0.01641131789995901,1,0
v0,Fccn-r0,Fccn,B1,26,40,3,0.075,15,15,1.0,36.201823617238205,0.1485780440052622,0.01641131789995901,1,0
v0,Fccn-r0,Fccn,B1,27,40,5,0.125,15,15,1.0,35.0,0.1485780440052622,0.01641131789995901,1,0
v0,Fccn-r0,Fccn,B1,28,40,3,0.075,15,15,1.0,36.2929253115131,0.1485780440052622,0.01641131789995901,1,0
v0,Fccn-r0,Fccn,B1,29,40,5,0.125,15,15,1.0,35.0,0.1485780440052622,0.01641131789995901,1,0
v0,Fccn-r0,Fccn,B2,0,40,8,0.2,15,15,1.0,29.12566690835542,109.07954373800021,0.02648184480009756,1749,2
v0,Fccn-r0,Fccn,B2,1,40,8,0.2,15,15,1.0,30.65725734658218,109.07954373800021,0.02648184480009756,1749,2
v0,Fccn-r0,Fccn,B2,2,40,8,0.2,15,15,1.0,31.192835295686773,109.07954373800021,0.02648184480009756,1749,2
v0,Fccn-r0,Fccn,B2,3,40,8,0.2,15,15,1.0,30.79206810041479,109.07954373800021,0.02648184480009756,1749,2
v0,Fccn-r0,Fccn,B2,4,40,7,0.175,15,15,1.0,30.77540275730874,109.07954373800021,0.02648184480009756,1749,2
v0,Fccn-r0,Fccn,B2,5,40,9,0.225,15,15,1.0,29.733148672363807,109.07954373800021,0.02648184480009756,1749,2
v0,Fccn-r0,Fccn,B2,6,40,7,0.175,15,15,1.0,30.959906742044797,109.07954373800021,0.02648184480009756,1749,2
v0,Fccn-r0,Fccn,B2,7,40,7,0.175,15,15,1.0,30.625348144891056,109.07954373800021,0.02648184480009756,1749,2
v0,Fccn-r0,Fccn,B2,8,40,7,0.175,15,15,1.0,32.00422034091371,109.07954373800021,0.02648184480009756,1749,2
v0,Fccn-r0,Fccn,B2,9,40,7,0.175,15,15,1.0,30.817613741671924,109.07954373800021,0.02648184480009756,1749,2
v0,Fccn-r0,Fccn,B2,10,40,7,0.175,15,15,1.0,31.111320976644986,109.07954373800021,0.02648184480009756,1749,2
v0,Fccn-r0,Fccn,B2,11,40,6,0.15,15,15,1.0,30.574555082181497,109.07954373800021,0.02648184480009756,1749,2
v0,Fccn-r0,Fccn,B2,12,40,8,0.2,15,15,1.0,29.92059363958873,109.07954373800021,0.02648184480009756,1749,2
v0,Fccn-r0,Fccn,B2,13,40,8,0.2,15,15,1.0,30.226781649063373,109.07954373800021,0.02648184480009756,1749,2
v0,Fccn-r0,Fccn,B2,14,40,8,0.2,15,15,1.0,30.713936882385116,109.07954373800021,0.02648184480009756,1749,2
v0,Fccn-r0,Fccn,B2,15,40,7,0.175,15,15,1.0,29.764253872797642,109.07954373800021,0.02648184480009756,1749,2
v0,Fccn-r0,Fccn,B2,16,40,6,0.15,15,15,1.0,30.835191782347835,109.07954373800021,0.02648184480009756,1749,2
v0,Fccn-r0,Fccn,B2,17,40,8,0.2,15,15,1.0,30.16098650032474,109.07954373800021,0.02648184480009756,1749,2
v0,Fccn-r0,Fccn,B2,18,40,5,0.125,15,15,1.0,32.59288702088152,109.07954373800021,0.02648184480009756,1749,2
v0,Fccn-r0,Fccn,B2,19,40,6,0.15,15,15,1.0,31.503053092278805,109.07954373800021,0.02648184480009756,1749,2
v0,Fccn-r0,Fccn,B2,20,40,8,0.2,15,15,1.0,30.59876812633338,109.07954373800021,0.02648184480009756,1749,2
v0,Fccn-r0,Fccn,B2,21,40,7,0.175,15,15,1.0,31.074431671817837,109.07954373800021,0.02648184480009756,1749,2
v0,Fccn-r0,Fccn,B2,22,40,7,0.175,15,15,1.0,30.116416625327854,109.07954373800021,0.02648184480009756,1749,2
v0,Fccn-r0,Fccn,B2,23,40,6,0.15,15,15,1.0,30.36449726173646,109.07954373800021,0.02648184480009756,1749,2
v0,Fccn-r0,Fccn,B2,24,40,8,0.2,15,15,1.0,29.953163857369795,109.07954373800021,0.02648184480009756,1749,2
v0,Fccn-r0,Fccn,B2,25,40,7,0.175,15,15,1.0,30.546201203475654,109.07954373800021,0.02648184480009756,1749,2
v0,Fccn-r0,Fccn,B2,26,40,7,0.175,15,15,1.0,29.8099971204759,109.07954373800021,0.02648184480009756,1749,2
v0,Fccn-r0,Fccn,B2,27,40,7,0.175,15,15,1.0,30.90888619270826,109.07954373800021,0.02648184480009756,1749,2
v0,Fccn-r0,Fccn,B2,28,40,7,0.175,15,15,1.0,31.07746877343669,109.07954373800021,0.02648184480009756,1749,2
v0,Fccn-r0,Fccn,B2,29,40,7,0.175,15,15,1.0,30.436008843416655,109.07954373800021,0.02648184480009756,1749,2
v0,Fccn-r0,Fccn,B3,0,40,4,0.1,15,15,1.0,35.158687203218044,171.22757601400372,0.028718244533471684,2001,12
v0,Fccn-r0,Fccn,B3,1,40,3,0.075,15,15,1.0,35.06643381825138,171.22757601400372,0.028718244533471684,2001,12
v0,Fccn-r0,Fccn,B3,2,40,2,0.05,15,15,1.0,35.97316184141063,171.22757601400372,0.028718244533471684,2001,12
v0,Fccn-r0,Fccn,B3,3,40,4,0.1,15,15,1.0,34.83181565107119,171.22757601400372,0.028718244533471684,2001,12
v0,Fccn-r0,Fccn,B3,4,40,2,0.05,15,15,1.0,36.03980970574923,171.22757601400372,0.028718244533471684,2001,12
v0,Fccn-r0,Fccn,B3,5,40,3,0.075,15,15,1.0,36.17087915945297,171.22757601400372,0.028718244533471684,2001,12
v0,Fccn-r0,Fccn,B3,6,40,2,0.05,15,15,1.0,36.305697035320414,171.22757601400372,0.028718244533471684,2001,12
v0,Fccn-r0,Fccn,B3,7,40,2,0.05,15,15,1.0,35.60772312644306,171.22757601400372,0.028718244533471684,2001,12
v0,Fccn-r0,Fccn,B3,8,40,3,0.075,15,15,1.0,35.59098630805292,171.22757601400372,0.028718244533471684,2001,12
v0,Fccn-r0,Fccn,B3,9,40,4,0.1,15,15,1.0,35.799381059234534,171.22757601400372,0.028718244533471684,2001,12
v0,Fccn-r0,Fccn,B3,10,40,4,0.1,15,15,1.0,35.00440074786941,171.22757601400372,0.028718244533471684,2001,12
v0,Fccn-r0,Fccn,B3,11,40,2,0.05,15,15,1.0,35.742935636697865,171.22757601400372,0.028718244533471684,2001,12
v0,Fccn-r0,Fccn,B3,12,40,5,0.125,15,15,1.0,34.496243428725876,171.22757601400372,0.028718244533471684,2001,12
v0,Fccn-r0,Fccn,B3,13,40,4,0.1,15,15,1.0,34.53694822072273,171.22757601400372,0.028718244533471684,2001,12
v0,Fccn-r0,Fccn,B3,14,40,2,0.05,15,15,1.0,36.61526725400532,171.22757601400372,0.028718244533471684,2001,12
v0,Fccn-r0,Fccn,B3,15,40,3,0.075,15,15,1.0,35.05369858723932,171.22757601400372,0.028718244533471684,2001,12
v0,Fccn-r0,Fccn,B3,16,40,3,0.075,15,15,1.0,35.97017774607364,171.22757601400372,0.028718244533471684,2001,12
v0,Fccn-r0,Fccn,B3,17,40,3,0.075,15,15,1.0,34.95546013454074,171.22757601400372,0.028718244533471684,2001,12
v0,Fccn-r0,Fccn,B3,18,40,2,0.05,15,15,1.0,35.97773645239335,171.22757601400372,0.028718244533471684,2001,12
v0,Fccn-r0,Fccn,B3,19,40,1,0.025,15,15,1.0,36.17780533794237,171.22757601400372,0.028718244533471684,2001,12
v0,Fccn-r0,Fccn,B3,20,40,4,0.1,15,15,1.0,34.89019860184159,171.22757601400372,0.028718244533471684,2001,12
v0,Fccn-r0,Fccn,B3,21,40,0,0.0,15,15,1.0,36.51577062156969,171.22757601400372,0.028718244533471684,2001,12
v0,Fccn-r0,Fccn,B3,22,40,3,0.075,15,15,1.0,35.787370927763675,171.22757601400372,0.028718244533471684,2001,12
v0,Fccn-r0,Fccn,B3,23,40,3,0.075,15,15,1.0,35.71784281790073,171.22757601400372,0.028718244533471684,2001,12
v0,Fccn-r0,Fccn,B3,24,40,3,0.075,15,15,1.0,34.590645401913555,171.22757601400372,0.028718244533471684,2001,12
v0,Fccn-r0,Fccn,B3,25,40,2,0.05,15,15,1.0,35.320996686392974,171.22757601400372,0.028718244533471684,2001,12
v0,Fccn-r0,Fccn,B3,26,40,2,0.05,15,15,1.0,35.78530077134878,171.22757601400372,0.028718244533471684,2001,12
v0,Fccn-r0,Fccn,B3,27,40,2,0.05,15,15,1.0,36.316558375858996,171.22757601400372,0.028718244533471684,2001,12
v0,Fccn-r0,Fccn,B3,28,40,2,0.05,15,15,1.0,35.963867124035595,171.22757601400372,0.028718244533471684,2001,12
v0,Fccn-r0,Fccn,B3,29,40,4,0.1,15,15,1.0,34.90123112802295,171.22757601400372,0.028718244533471684,2001,12
v0,Fccn-r0,Fccn,P,0,40,7,0.175,15,15,1.0,30.976317683324574,115.9637039090012,0.033410001133355155,2001,5
v0,Fccn-r0,Fccn,P,1,40,6,0.15,15,15,1.0,32.42147335676359,115.9637039090012,0.033410001133355155,2001,5
v0,Fccn-r0,Fccn,P,2,40,7,0.175,15,15,1.0,32.26238486966909,115.9637039090012,0.033410001133355155,2001,5
v0,Fccn-r0,Fccn,P,3,40,8,0.2,15,15,1.0,31.110482954398066,115.9637039090012,0.033410001133355155,2001,5
v0,Fccn-r0,Fccn,P,4,40,7,0.175,15,15,1.0,31.428458353583597,115.9637039090012,0.033410001133355155,2001,5
v0,Fccn-r0,Fccn,P,5,40,8,0.2,15,15,1.0,30.913697433937568,115.9637039090012,0.033410001133355155,2001,5
v0,Fccn-r0,Fccn,P,6,40,6,0.15,15,15,1.0,31.755591943166987,115.9637039090012,0.033410001133355155,2001,5
v0,Fccn-r0,Fccn,P,7,40,7,0.175,15,15,1.0,31.084532157073593,115.9637039090012,0.033410001133355155,2001,5
v0,Fccn-r0,Fccn,P,8,40,7,0.175,15,15,1.0,32.24334900044244,115.9637039090012,0.033410001133355155,2001,5
v0,Fccn-r0,Fccn,P,9,40,7,0.175,15,15,1.0,30.993493593728758,115.9637039090012,0.033410001133355155,2001,5
v0,Fccn-r0,Fccn,P,10,40,6,0.15,15,15,1.0,31.922228182292006,115.9637039090012,0.033410001133355155,2001,5
v0,Fccn-r0,Fccn,P,11,40,5,0.125,15,15,1.0,32.90961187807123,115.9637039090012,0.033410001133355155,2001,5
v0,Fccn-r0,Fccn,P,12,40,7,0.175,15,15,1.0,31.54333886607864,115.9637039090012,0.033410001133355155,2001,5
v0,Fccn-r0,Fccn,P,13,40,8,0.2,15,15,1.0,30.62433040328206,115.9637039090012,0.033410001133355155,2001,5
v0,Fccn-r0,Fccn,P,14,40,7,0.175,15,15,1.0,31.97972432720102,115.9637039090012,0.033410001133355155,2001,5
v0,Fccn-r0,Fccn,P,15,40,5,0.125,15,15,1.0,32.21658721025667,115.9637039090012,0.033410001133355155,2001,5
v0,Fccn-r0,Fccn,P,16,40,5,0.125,15,15,1.0,32.403681243921426,115.9637039090012,0.033410001133355155,2001,5
v0,Fccn-r0,Fccn,P,17,40,7,0.175,15,15,1.0,31.02914463458615,115.9637039090012,0.033410001133355155,2001,5
v0,Fccn-r0,Fccn,P,18,40,5,0.125,15,15,1.0,33.701616210789304,115.9637039090012,0.033410001133355155,2001,5
v0,Fccn-r0,Fccn,P,19,40,6,0.15,15,15,1.0,31.89997298387825,115.9637039090012,0.033410001133355155,2001,5
v0,Fccn-r0,Fccn,P,20,40,7,0.175,15,15,1.0,31.0914055004724,115.9637039090012,0.033410001133355155,2001,5
v0,Fccn-r0,Fccn,P,21,40,4,0.1,15,15,1.0,33.10533530671186,115.9637039090012,0.033410001133355155,2001,5
v0,Fccn-r0,Fccn,P,22,40,7,0.175,15,15,1.0,31.198262211535976,115.9637039090012,0.033410001133355155,2001,5
v0,Fccn-r0,Fccn,P,23,40,5,0.125,15,15,1.0,32.39851613991008,115.9637039090012,0.033410001133355155,2001,5
v0,Fccn-r0,Fccn,P,24,40,8,0.2,15,15,1.0,30.351586678625967,115.9637039090012,0.033410001133355155,2001,5
v0,Fccn-r0,Fccn,P,25,40,7,0.175,15,15,1.0,30.945917071896492,115.9637039090012,0.033410001133355155,2001,5
v0,Fccn-r0,Fccn,P,26,40,7,0.175,15,15,1.0,30.47973880943199,115.9637039090012,0.033410001133355155,2001,5
v0,Fccn-r0,Fccn,P,27,40,6,0.15,15,15,1.0,32.384241795396356,115.9637039090012,0.033410001133355155,2001,5
v0,Fccn-r0,Fccn,P,28,40,6,0.15,15,15,1.0,32.123764749351736,115.9637039090012,0.033410001133355155,2001,5
v0,Fccn-r0,Fccn,P,29,40,7,0.175,15,15,1.0,30.6793712649504,115.9637039090012,0.033410001133355155,2001,5
v0,Fccn-r1,Fccn,B1,0,40,14,0.35,15,15,1.0,24.526768937402995,0.16314736699860077,0.037145897166677364,1,0
v0,Fccn-r1,Fccn,B1,1,40,13,0.325,15,15,1.0,23.416978137265367,0.16314736699860077,0.037145897166677364,1,0
v0,Fccn-r1,Fccn,B1,2,40,13,0.325,15,15,1.0,23.658690849888497,0.16314736699860077,0.037145897166677364,1,0
v0,Fccn-r1,Fccn,B1,3,40,14,0.35,15,15,1.0,23.575580351315267,0.16314736699860077,0.037145897166677364,1,0
v0,Fccn-r1,Fccn,B1,4,40,15,0.375,15,15,1.0,22.726683443957967,0.16314736699860077,0.037145897166677364,1,0
v0,Fccn-r1,Fccn,B1,5,40,15,0.375,15,15,1.0,22.28890299987985,0.16314736699860077,0.037145897166677364,1,0
v0,Fccn-r1,Fccn,B1,6,40,18,0.45,15,15,1.0,21.03861210126851,0.16314736699860077,0.037145897166677364,1,0
v0,Fccn-r1,Fccn,B1,7,40,12,0.3,15,15,1.0,23.723885582449324,0.16314736699860077,0.037145897166677364,1,0
v0,Fccn-r1,Fccn,B1,8,40,13,0.325,15,15,1.0,23.913361106624908,0.16314736699860077,0.037145897166677364,1,0
v0,Fccn-r1,Fccn,B1,9,40,13,0.325,15,15,1.0,23.96148705957678,0.16314736699860077,0.037145897166677364,1,0
v0,Fccn-r1,Fccn,B1,10,40,15,0.375,15,15,1.0,23.438909483953715,0.16314736699860077,0.037145897166677364,1,0
v0,Fccn-r1,Fccn,B1,11,40,13,0.325,15,15,1.0,24.458782184584248,0.16314736699860077,0.037145897166677364,1,0
v0,Fccn-r1,Fccn,B1,12,40,14,0.35,15,15,1.0,23.550106938881278,0.16314736699860077,0.037145897166677364,1,0
v0,Fccn-r1,Fccn,B1,13,40,12,0.3,15,15,1.0,25.436100009080377,0.16314736699860077,0.037145897166677364,1,0
v0,Fccn-r1,Fccn,B1,14,40,12,0.3,15,15,1.0,24.89974697182408,0.16314736699860077,0.037145897166677364,1,0
v0,Fccn-r1,Fccn,B1,15,40,14,0.35,15,15,1.0,23.189703233929524,0.16314736699860077,0.037145897166677364,1,0
v0,Fccn-r1,Fccn,B1,16,40,14,0.35,15,15,1.0,24.22674571570085,0.16314736699860077,0.037145897166677364,1,0
v0,Fccn-r1,Fccn,B1,17,40,14,0.35,15,15,1.0,23.32999053344874,0.16314736699860077,0.037145897166677364,1,0
v0,Fccn-r1,Fccn,B1,18,40,15,0.375,15,15,1.0,23.09802447441691,0.16314736699860077,0.037145897166677364,1,0
v0,Fccn-r1,Fccn,B1,19,40,12,0.3,15,15,1.0,24.757569847079456,0.16314736699860077,0.037145897166677364,1,0
v0,Fccn-r1,Fccn,B1,20,40,14,0.35,15,15,1.0,23.974033685145276,0.16314736699860077,0.037145897166677364,1,0
v0,Fccn-r1,Fccn,B1,21,40,13,0.325,15,15,1.0,24.520057717122487,0.16314736699860077,0.037145897166677364,1,0
v0,Fccn-r1,Fccn,B1,22,40,12,0.3,15,15,1.0,24.599515317599273,0.16314736699860077,0.037145897166677364,1,0
v0,Fccn-r1,Fccn,B1,23,40,14,0.35,15,15,1.0,23.950020021816115,0.16314736699860077,0.037145897166677364,1,0
v0,Fccn-r1,Fccn,B1,24,40,14,0.35,15,15,1.0,22.869813385582805,0.16314736699860077,0.037145897166677364,1,0
v0,Fccn-r1,Fccn,B1,25,40,14,0.35,15,15,1.0,23.691784882793794,0.16314736699860077,0.037145897166677364,1,0
v0,Fccn-r1,Fccn,B1,26,40,16,0.4,15,15,1.0,22.055081890413096,0.16314736699860077,0.037145897166677364,1,0
v0,Fccn-r1,Fccn,B1,27,40,15,0.375,15,15,1.0,21.711852300435226,0.16314736699860077,0.037145897166677364,1,0
v0,Fccn-r1,Fccn,B1,28,40,16,0.4,15,15,1.0,22.54735597184757,0.16314736699860077,0.037145897166677364,1,0
v0,Fccn-r1,Fccn,B1,29,40,16,0.4,15,15,1.0,21.791759215696796,0.16314736699860077,0.037145897166677364,1,0
v0,Fccn-r1,Fccn,B2,0,40,20,0.5,15,15,1.0,15.628397400258985,143.4543251569994,0.027925992566694428,1942,8
v0,Fccn-r1,Fccn,B2,1,40,19,0.475,15,15,1.0,15.569328907202932,143.4543251569994,0.027925992566694428,1942,8
v0,Fccn-r1,Fccn,B2,2,40,22,0.55,15,15,1.0,13.75164841607307,143.4543251569994,0.027925992566694428,1942,8
v0,Fccn-r1,Fccn,B2,3,40,21,0.525,15,15,1.0,14.221446645217137,143.4543251569994,0.027925992566694428,1942,8
v0,Fccn-r1,Fccn,B2,4,40,21,0.525,15,15,1.0,15.685041082949766,143.4543251569994,0.027925992566694428,1942,8
v0,Fccn-r1,Fccn,B2,5,40,21,0.525,15,15,1.0,15.9397861097448,143.4543251569994,0.027925992566694428,1942,8
v0,Fccn-r1,Fccn,B2,6,40,21,0.525,15,15,1.0,15.132070011964801,143.4543251569994,0.027925992566694428,1942,8
v0,Fccn-r1,Fccn,B2,7,40,19,0.475,15,15,1.0,16.268622612748434,143.4543251569994,0.027925992566694428,1942,8
v0,Fccn-r1,Fccn,B2,8,40,17,0.425,15,15,1.0,17.67696059749457,143.4543251569994,0.027925992566694428,1942,8
v0,Fccn-r1,Fccn,B2,9,40,23,0.575,15,15,1.0,14.254722920311547,143.4543251569994,0.027925992566694428,1942,8
v0,Fccn-r1,Fccn,B2,10,40,20,0.5,15,15,1.0,16.200445443206686,143.4543251569994,0.027925992566694428,1942,8
v0,Fccn-r1,Fccn,B2,11,40,20,0.5,15,15,1.0,15.98663387509747,143.4543251569994,0.027925992566694428,1942,8
v0,Fccn-r1,Fccn,B2,12,40,21,0.525,15,15,1.0,15.04509424989296,143.4543251569994,0.027925992566694428,1942,8
v0,Fccn-r1,Fccn,B2,13,40,19,0.475,15,15,1.0,15.829936696489414,143.4543251569994,0.027925992566694428,1942,8
v0,Fccn-r1,Fccn,B2,14,40,21,0.525,15,15,1.0,15.371696706099163,143.4543251569994,0.027925992566694428,1942,8
v0,Fccn-r1,Fccn,B2,15,40,19,0.475,15,15,1.0,14.911752796886915,143.4543251569994,0.027925992566694428,1942,8
v0,Fccn-r1,Fccn,B2,16,40,21,0.525,15,15,1.0,15.268605968554596,143.4543251569994,0.027925992566694428,1942,8
v0,Fccn-r1,Fccn,B2,17,40,20,0.5,15,15,1.0,16.451678002298017,143.4543251569994,0.027925992566694428,1942,8
v0,Fccn-r1,Fccn,B2,18,40,22,0.55,15,15,1.0,14.35773673156369,143.4543251569994,0.027925992566694428,1942,8
v0,Fccn-r1,Fccn,B2,19,40,20,0.5,15,15,1.0,15.907023566879532,143.4543251569994,0.027925992566694428,1942,8
v0,Fccn-r1,Fccn,B2,20,40,20,0.5,15,15,1.0,16.74882398148932,143.4543251569994,0.027925992566694428,1942,8
v0,Fccn-r1,Fccn,B2,21,40,21,0.525,15,15,1.0,15.076043486071775,143.4543251569994,0.027925992566694428,1942,8
v0,Fccn-r1,Fccn,B2,22,40,20,0.5,15,15,1.0,15.854467625652884,143.4543251569994,0.027925992566694428,1942,8
v0,Fccn-r1,Fccn,B2,23,40,21,0.525,15,15,1.0,15.65850636466628,143.4543251569994,0.027925992566694428,1942,8
v0,Fccn-r1,Fccn,B2,24,40,21,0.525,15,15,1.0,15.580873181092784,143.4543251569994,0.027925992566694428,1942,8
v0,Fccn-r1,Fccn,B2,25,40,22,0.55,15,15,1.0,14.744859076751576,143.4543251569994,0.027925992566694428,1942,8
v0,Fccn-r1,Fccn,B2,26,40,20,0.5,15,15,1.0,15.307380721912418,143.4543251569994,0.027925992566694428,1942,8
v0,Fccn-r1,Fccn,B2,27,40,20,0.5,15,15,1.0,15.79055719198207,143.4543251569994,0.027925992566694428,1942,8
v0,Fccn-r1,Fccn,B2,28,40,21,0.525,15,15,1.0,15.372517628345255,143.4543251569994,0.027925992566694428,1942,8
v0,Fccn-r1,Fccn,B2,29,40,20,0.5,15,15,1.0,15.621876866660479,143.4543251569994,0.027925992566694428,1942,8
v0,Fccn-r1,Fccn,B3,0,40,8,0.2,15,15,1.0,26.841281480763616,150.17389241799538,0.032927368700135656,1947,12
v0,Fccn-r1,Fccn,B3,1,40,9,0.225,15,15,1.0,25.75088231365807,150.17389241799538,0.032927368700135656,1947,12
v0,Fccn-r1,Fccn,B3,2,40,9,0.225,15,15,1.0,25.42313537478799,150.17389241799538,0.032927368700135656,1947,12
v0,Fccn-r1,Fccn,B3,3,40,9,0.225,15,15,1.0,26.905741796978,150.17389241799538,0.032927368700135656,1947,12
v0,Fccn-r1,Fccn,B3,4,40,9,0.225,15,15,1.0,25.51290828749233,150.17389241799538,0.032927368700135656,1947,12
v0,Fccn-r1,Fccn,B3,5,40,8,0.2,15,15,1.0,27.388977459821348,150.17389241799538,0.032927368700135656,1947,12
v0,Fccn-r1,Fccn,B3,6,40,10,0.25,15,15,1.0,26.0306778964978,150.17389241799538,0.032927368700135656,1947,12
v0,Fccn-r1,Fccn,B3,7,40,12,0.3,15,15,1.0,25.294624925830934,150.17389241799538,0.032927368700135656,1947,12
v0,Fccn-r1,Fccn,B3,8,40,7,0.175,15,15,1.0,28.253439495427973,150.17389241799538,0.032927368700135656,1947,12
v0,Fccn-r1,Fccn,B3,9,40,7,0.175,15,15,1.0,27.684241103382835,150.17389241799538,0.032927368700135656,1947,12
v0,Fccn-r1,Fccn,B3,10,40,6,0.15,15,15,1.0,27.629232757393158,150.17389241799538,0.032927368700135656,1947,12
v0,Fccn-r1,Fccn,B3,11,40,8,0.2,15,15,1.0,26.841907440692072,150.17389241799538,0.032927368700135656,1947,12
v0,Fccn-r1,Fccn,B3,12,40,9,0.225,15,15,1.0,25.745021832438674,150.17389241799538,0.032927368700135656,1947,12
v0,Fccn-r1,Fccn,B3,13,40,8,0.2,15,15,1.0,27.368624719099266,150.17389241799538,0.032927368700135656,1947,12
v0,Fccn-r1,Fccn,B3,14,40,8,0.2,15,15,1.0,26.73365892039726,150.17389241799538,0.032927368700135656,1947,12
v0,Fccn-r1,Fccn,B3,15,40,10,0.25,15,15,1.0,23.95208312020093,150.17389241799538,0.032927368700135656,1947,12
v0,Fccn-r1,Fccn,B3,16,40,8,0.2,15,15,1.0,27.058276709422426,150.17389241799538,0.032927368700135656,1947,12
v0,Fccn-r1,Fccn,B3,17,40,10,0.25,15,15,1.0,24.117399436358955,150.17389241799538,0.032927368700135656,1947,12
v0,Fccn-r1,Fccn,B3,18,40,8,0.2,15,15,1.0,27.053508176227453,150.17389241799538,0.032927368700135656,1947,12
v0,Fccn-r1,Fccn,B3,19,40,11,0.275,15,15,1.0,25.51012779630225,150.17389241799538,0.032927368700135656,1947,12
v0,Fccn-r1,Fccn,B3,20,40,11,0.275,15,15,1.0,25.43708661108868,150.17389241799538,0.032927368700135656,1947,12
v0,Fccn-r1,Fccn,B3,21,40,10,0.25,15,15,1.0,24.759219358673917,150.17389241799538,0.032927368700135656,1947,12
v0,Fccn-r1,Fccn,B3,22,40,8,0.2,15,15,1.0,27.73670943040139,150.17389241799538,0.032927368700135656,1947,12
v0,Fccn-r1,Fccn,B3,23,40,9,0.225,15,15,1.0,26.57601127618583,150.17389241799538,0.032927368700135656,1947,12
v0,Fccn-r1,Fccn,B3,24,40,9,0.225,15,15,1.0,26.794444983132404,150.17389241799538,0.032927368700135656,1947,12
v0,Fccn-r1,Fccn,B3,25,40,10,0.25,15,15,1.0,25.594460265365882,150.17389241799538,0.032927368700135656,1947,12
v0,Fccn-r1,Fccn,B3,26,40,10,0.25,15,15,1.0,25.110872364628207,150.17389241799538,0.032927368700135656,1947,12
v0,Fccn-r1,Fccn,B3,27,40,9,0.225,15,15,1.0,25.618525810457026,150.17389241799538,0.032927368700135656,1947,12
v0,Fccn-r1,Fccn,B3,28,40,8,0.2,15,15,1.0,26.25228140429928,150.17389241799538,0.032927368700135656,1947,12
v0,Fccn-r1,Fccn,B3,29,40,11,0.275,15,15,1.0,25.142278399873728,150.17389241799538,0.032927368700135656,1947,12
v0,Fccn-r1,Fccn,P,0,40,21,0.525,15,15,1.0,14.144847700633672,157.03380386900244,0.027906087300167807,2001,9
v0,Fccn-r1,Fccn,P,1,40,22,0.55,15,15,1.0,13.312743046361733,157.03380386900244,0.027906087300167807,2001,9
v0,Fccn-r1,Fccn,P,2,40,23,0.575,15,15,1.0,12.316959858845443,157.03380386900244,0.027906087300167807,2001,9
v0,Fccn-r1,Fccn,P,3,40,22,0.55,15,15,1.0,12.912323393706666,157.03380386900244,0.027906087300167807,2001,9
v0,Fccn-r1,Fccn,P,4,40,22,0.55,15,15,1.0,14.682509660235787,157.03380386900244,0.027906087300167807,2001,9
v0,Fccn-r1,Fccn,P,5,40,22,0.55,15,15,1.0,15.277603754491867,157.03380386900244,0.027906087300167807,2001,9
v0,Fccn-r1,Fccn,P,6,40,22,0.55,15,15,1.0,13.554186826421354,157.03380386900244,0.027906087300167807,2001,9
v0,Fccn-r1,Fccn,P,7,40,21,0.525,15,15,1.0,15.094044867119665,157.03380386900244,0.027906087300167807,2001,9
v0,Fccn-r1,Fccn,P,8,40,20,0.5,15,15,1.0,15.184543056919424,157.03380386900244,0.027906087300167807,2001,9
v0,Fccn-r1,Fccn,P,9,40,22,0.55,15,15,1.0,14.932219094112048,157.03380386900244,0.027906087300167807,2001,9
v0,Fccn-r1,Fccn,P,10,40,20,0.5,15,15,1.0,15.048038228105947,157.03380386900244,0.027906087300167807,2001,9
v0,Fccn-r1,Fccn,P,11,40,23,0.575,15,15,1.0,13.236820001581876,157.03380386900244,0.027906087300167807,2001,9
v0,Fccn-r1,Fccn,P,12,40,23,0.575,15,15,1.0,13.749835290919057,157.03380386900244,0.027906087300167807,2001,9
v0,Fccn-r1,Fccn,P,13,40,20,0.5,15,15,1.0,15.068574394123846,157.03380386900244,0.027906087300167807,2001,9
v0,Fccn-r1,Fccn,P,14,40,22,0.55,15,15,1.0,14.24392447494257,157.03380386900244,0.027906087300167807,2001,9
v0,Fccn-r1,Fccn,P,15,40,20,0.5,15,15,1.0,14.463512418141866,157.03380386900244,0.027906087300167807,2001,9
v0,Fccn-r1,Fccn,P,16,40,23,0.575,15,15,1.0,13.77202021325777,157.03380386900244,0.027906087300167807,2001,9
v0,Fccn-r1,Fccn,P,17,40,21,0.525,15,15,1.0,15.300100511864732,157.03380386900244,0.027906087300167807,2001,9
v0,Fccn-r1,Fccn,P,18,40,22,0.55,15,15,1.0,13.52286603239662,157.03380386900244,0.027906087300167807,2001,9
v0,Fccn-r1,Fccn,P,19,40,21,0.525,15,15,1.0,14.43291273535372,157.03380386900244,0.027906087300167807,2001,9
v0,Fccn-r1,Fccn,P,20,40,21,0.525,15,15,1.0,16.095934710061403,157.03380386900244,0.027906087300167807,2001,9
v0,Fccn-r1,Fccn,P,21,40,23,0.575,15,15,1.0,13.42727204325811,157.03380386900244,0.027906087300167807,2001,9
v0,Fccn-r1,Fccn,P,22,40,22,0.55,15,15,1.0,13.708762491430209,157.03380386900244,0.027906087300167807,2001,9
v0,Fccn-r1,Fccn,P,23,40,22,0.55,15,15,1.0,14.498326370712784,157.03380386900244,0.027906087300167807,2001,9
v0,Fccn-r1,Fccn,P,24,40,22,0.55,15,15,1.0,14.266853784696155,157.03380386900244,0.027906087300167807,2001,9
v0,Fccn-r1,Fccn,P,25,40,22,0.55,15,15,1.0,13.867900205017415,157.03380386900244,0.027906087300167807,2001,9
v0,Fccn-r1,Fccn,P,26,40,23,0.575,15,15,1.0,14.188059729987108,157.03380386900244,0.027906087300167807,2001,9
v0,Fccn-r1,Fccn,P,27,40,22,0.55,15,15,1.0,14.984165395333838,157.03380386900244,0.027906087300167807,2001,9
v0,Fccn-r1,Fccn,P,28,40,21,0.525,15,15,1.0,14.628700807604337,157.03380386900244,0.027906087300167807,2001,9
v0,Fccn-r1,Fccn,P,29,40,22,0.55,15,15,1.0,13.43129702886001,157.03380386900244,0.027906087300167807,2001,9
