source,target,source_x_m,source_y_m,target_x_m,target_y_m,failed
n0,n17,482.48955284605694,685.3601339526456,642.9710922086464,530.0260002070694,0
n1,n13,450.23528000044723,0.0,347.74937321629903,312.9772972250338,0
n10,n8,758.7937279968928,1878.2545929131632,1016.4380620871033,1294.2529923383213,0
n11,n13,1068.1527384671706,294.4382848469862,347.74937321629903,312.9772972250338,0
n12,n17,779.0327917102677,337.9320655901181,642.9710922086464,530.0260002070694,0
n13,n14,347.74937321629903,312.9772972250338,123.40201988408494,395.39377632225035,0
n13,n15,347.74937321629903,312.9772972250338,253.93219996235803,537.6530019712875,0
n13,n17,347.74937321629903,312.9772972250338,642.9710922086464,530.0260002070694,0
n13,n2,347.74937321629903,312.9772972250338,0.0,97.83239336620095,0
n13,n21,347.74937321629903,312.9772972250338,486.51737898139703,305.2378860452644,0
n13,n4,347.74937321629903,312.9772972250338,750.753816096618,1083.1335276279083,0
n13,n8,347.74937321629903,312.9772972250338,1016.4380620871033,1294.2529923383213,0
n16,n17,626.8169592258528,685.5845867299986,642.9710922086464,530.0260002070694,0
n17,n18,642.9710922086464,530.0260002070694,778.1094177524519,492.83950112602525,0
n17,n4,642.9710922086464,530.0260002070694,750.753816096618,1083.1335276279083,1
n17,n8,642.9710922086464,530.0260002070694,1016.4380620871033,1294.2529923383213,1
n19,n8,1107.2016648162305,1185.5375600907337,1016.4380620871033,1294.2529923383213,0
n20,n4,868.2446259218182,948.868121447384,750.753816096618,1083.1335276279083,1
n3,n4,91.15490036608628,1653.14901747835,750.753816096618,1083.1335276279083,0
n4,n5,750.753816096618,1083.1335276279083,1030.265426922893,984.6899061549851,1
n4,n6,750.753816096618,1083.1335276279083,940.5447151342264,1098.355074271135,0
n4,n8,750.753816096618,1083.1335276279083,1016.4380620871033,1294.2529923383213,1
n7,n8,1476.4763278084022,1258.8590040048366,1016.4380620871033,1294.2529923383213,1
n8,n9,1016.4380620871033,1294.2529923383213,1030.7416645927224,2000.0,0
