node_id,x_m,y_m,role
n0,482.48955284605694,685.3601339526456,relay
n1,450.23528000044723,0.0,relay
n10,758.7937279968928,1878.2545929131632,relay
n11,1068.1527384671706,294.4382848469862,relay
n12,779.0327917102677,337.9320655901181,relay
n13,347.74937321629903,312.9772972250338,center
n14,123.40201988408494,395.39377632225035,relay
n15,253.93219996235803,537.6530019712875,relay
n16,626.8169592258528,685.5845867299986,relay
n17,642.9710922086464,530.0260002070694,relay
n18,778.1094177524519,492.83950112602525,relay
n19,1107.2016648162305,1185.5375600907337,relay
n2,0.0,97.83239336620095,relay
n20,868.2446259218182,948.868121447384,relay
n21,486.51737898139703,305.2378860452644,relay
n3,91.15490036608628,1653.14901747835,relay
n4,750.753816096618,1083.1335276279083,relay
n5,1030.265426922893,984.6899061549851,relay
n6,940.5447151342264,1098.355074271135,relay
n7,1476.4763278084022,1258.8590040048366,relay
n8,1016.4380620871033,1294.2529923383213,relay
n9,1030.7416645927224,2000.0,relay
