method,slot,mean_timely_alerts
B1,0,0.0
B1,1,0.0
B1,2,0.0
B1,3,0.0
B1,4,0.0
B1,5,0.0
B1,6,0.0
B1,7,0.0
B1,8,0.0
B1,9,0.0
B1,10,0.0
B1,11,0.0
B1,12,0.0
B1,13,0.0
B1,14,0.0
B1,15,0.0
B1,16,0.0
B1,17,0.0
B1,18,0.0
B1,19,0.0
B1,20,0.0
B1,21,0.0
B1,22,0.0
B1,23,0.0
B1,24,0.0
B1,25,0.0
B1,26,1.0
B1,27,1.0
B1,28,1.0
B1,29,1.0333333333333334
B1,30,1.0333333333333334
B1,31,1.0666666666666667
B1,32,1.3333333333333333
B1,33,2.066666666666667
B1,34,2.1333333333333333
B1,35,2.1666666666666665
B1,36,2.1666666666666665
B1,37,2.2333333333333334
B1,38,2.3333333333333335
B1,39,2.433333333333333
B1,40,2.6
B1,41,2.7666666666666666
B1,42,2.933333333333333
B1,43,3.066666666666667
B1,44,3.2
B1,45,3.2333333333333334
B1,46,3.2333333333333334
B1,47,3.2333333333333334
B1,48,3.2333333333333334
B1,49,3.8
B1,50,4.3
B1,51,4.366666666666666
B1,52,4.366666666666666
B1,53,4.366666666666666
B1,54,4.366666666666666
B1,55,4.366666666666666
B1,56,4.366666666666666
B1,57,4.366666666666666
B1,58,4.4
B1,59,4.4
B1,60,4.4
B1,61,4.4
B1,62,4.4
B1,63,4.4
B1,64,5.4
B1,65,5.433333333333334
B1,66,6.433333333333334
B1,67,6.433333333333334
B1,68,6.433333333333334
B1,69,6.433333333333334
B1,70,6.433333333333334
B1,71,6.433333333333334
B1,72,6.466666666666667
B1,73,6.466666666666667
B1,74,6.466666666666667
B1,75,7.466666666666667
B1,76,7.466666666666667
B1,77,8.466666666666667
B1,78,8.466666666666667
B1,79,8.466666666666667
B1,80,8.466666666666667
B1,81,8.466666666666667
B1,82,8.466666666666667
B1,83,8.466666666666667
B1,84,8.466666666666667
B1,85,8.466666666666667
B1,86,8.466666666666667
B1,87,8.466666666666667
B1,88,8.466666666666667
B1,89,8.466666666666667
B1,90,8.466666666666667
B1,91,8.6
B1,92,8.966666666666667
B1,93,9.4
B1,94,9.566666666666666
B1,95,9.666666666666666
B1,96,9.966666666666667
B1,97,10.166666666666666
B1,98,11.3
B1,99,11.733333333333333
B1,100,12.066666666666666
B1,101,12.233333333333333
B1,102,12.433333333333334
B1,103,12.5
B1,104,12.6
B1,105,12.6
B1,106,12.7
B1,107,12.733333333333333
B1,108,12.833333333333334
B1,109,12.9
B1,110,12.966666666666667
B1,111,13.0
B1,112,13.033333333333333
B1,113,13.033333333333333
B1,114,13.033333333333333
B1,115,13.033333333333333
B1,116,13.066666666666666
B1,117,13.1
B1,118,13.1
B1,119,13.133333333333333
B1,120,13.133333333333333
B1,121,13.133333333333333
B1,122,13.133333333333333
B1,123,13.166666666666666
B1,124,13.166666666666666
B1,125,13.166666666666666
B1,126,13.166666666666666
B1,127,13.2
B1,128,13.3
B1,129,13.333333333333334
B1,130,13.366666666666667
B1,131,13.466666666666667
B1,132,13.466666666666667
B1,133,13.5
B1,134,13.5
B1,135,13.5
B1,136,13.5
B1,137,13.5
B1,138,13.5
B1,139,13.5
B1,140,13.5
B1,141,13.5
B1,142,13.5
B1,143,13.5
B1,144,13.5
B1,145,13.5
B1,146,13.5
B1,147,13.5
B1,148,13.5
B1,149,13.5
P,0,0.0
P,1,0.0
P,2,0.0
P,3,0.0
P,4,0.0
P,5,0.0
P,6,0.0
P,7,0.0
P,8,0.0
P,9,0.0
P,10,0.0
P,11,0.0
P,12,0.0
P,13,0.0
P,14,0.0
P,15,0.0
P,16,0.0
P,17,0.0
P,18,0.0
P,19,0.0
P,20,0.0
P,21,0.0
P,22,0.0
P,23,0.0
P,24,0.03333333333333333
P,25,0.03333333333333333
P,26,0.03333333333333333
P,27,0.06666666666666667
P,28,0.06666666666666667
P,29,0.1
P,30,0.16666666666666666
P,31,0.23333333333333334
P,32,0.26666666666666666
P,33,0.3333333333333333
P,34,0.4666666666666667
P,35,1.4333333333333333
P,36,1.4666666666666666
P,37,1.5666666666666667
P,38,1.7666666666666666
P,39,1.9666666666666666
P,40,2.2666666666666666
P,41,2.533333333333333
P,42,2.8
P,43,3.0
P,44,3.3333333333333335
P,45,3.533333333333333
P,46,3.566666666666667
P,47,3.7
P,48,3.7333333333333334
P,49,3.8
P,50,3.8
P,51,3.8
P,52,3.8
P,53,3.8333333333333335
P,54,3.8666666666666667
P,55,3.8666666666666667
P,56,3.8666666666666667
P,57,4.0
P,58,4.033333333333333
P,59,4.133333333333334
P,60,4.2
P,61,4.266666666666667
P,62,4.3
P,63,4.6
P,64,5.8
P,65,6.0
P,66,6.133333333333334
P,67,6.233333333333333
P,68,6.666666666666667
P,69,6.866666666666666
P,70,6.866666666666666
P,71,6.9
P,72,6.9
P,73,6.9
P,74,6.9
P,75,6.9
P,76,6.9
P,77,8.033333333333333
P,78,8.8
P,79,8.933333333333334
P,80,9.9
P,81,9.9
P,82,9.9
P,83,9.9
P,84,9.9
P,85,9.933333333333334
P,86,9.966666666666667
P,87,9.966666666666667
P,88,10.1
P,89,10.5
P,90,10.766666666666667
P,91,10.933333333333334
P,92,11.233333333333333
P,93,11.833333333333334
P,94,12.666666666666666
P,95,13.133333333333333
P,96,13.233333333333333
P,97,13.3
P,98,13.866666666666667
P,99,14.333333333333334
P,100,14.5
P,101,14.6
P,102,14.833333333333334
P,103,15.366666666666667
P,104,16.1
P,105,16.133333333333333
P,106,16.2
P,107,16.233333333333334
P,108,16.366666666666667
P,109,16.866666666666667
P,110,17.466666666666665
P,111,17.566666666666666
P,112,17.566666666666666
P,113,17.666666666666668
P,114,17.7
P,115,17.7
P,116,17.766666666666666
P,117,17.833333333333332
P,118,17.866666666666667
P,119,17.866666666666667
P,120,17.9
P,121,17.9
P,122,17.9
P,123,17.9
P,124,17.933333333333334
P,125,17.966666666666665
P,126,17.966666666666665
P,127,17.966666666666665
P,128,17.966666666666665
P,129,18.0
P,130,18.166666666666668
P,131,18.266666666666666
P,132,18.466666666666665
P,133,18.5
P,134,18.5
P,135,18.5
P,136,18.5
P,137,18.5
P,138,18.5
P,139,18.5
P,140,18.5
P,141,18.5
P,142,18.5
P,143,18.5
P,144,18.5
P,145,18.5
P,146,18.5
P,147,18.5
P,148,18.5
P,149,18.5
TRAN,0,0.0
TRAN,1,0.0
TRAN,2,0.0
TRAN,3,0.0
TRAN,4,0.0
TRAN,5,0.0
TRAN,6,0.0
TRAN,7,0.0
TRAN,8,0.0
TRAN,9,0.0
TRAN,10,0.0
TRAN,11,0.0
TRAN,12,0.0
TRAN,13,0.0
TRAN,14,0.0
TRAN,15,0.0
TRAN,16,0.0
TRAN,17,0.0
TRAN,18,0.0
TRAN,19,0.0
TRAN,20,0.0
TRAN,21,0.0
TRAN,22,0.0
TRAN,23,0.0
TRAN,24,0.0
TRAN,25,0.0
TRAN,26,0.0
TRAN,27,0.0
TRAN,28,0.0
TRAN,29,0.0
TRAN,30,0.23333333333333334
TRAN,31,0.36666666666666664
TRAN,32,1.4666666666666666
TRAN,33,1.5333333333333334
TRAN,34,1.5333333333333334
TRAN,35,1.5666666666666667
TRAN,36,1.5666666666666667
TRAN,37,1.5666666666666667
TRAN,38,1.5666666666666667
TRAN,39,1.5666666666666667
TRAN,40,1.5666666666666667
TRAN,41,1.5666666666666667
TRAN,42,1.5666666666666667
TRAN,43,1.5666666666666667
TRAN,44,1.5666666666666667
TRAN,45,1.5666666666666667
TRAN,46,1.5666666666666667
TRAN,47,1.5666666666666667
TRAN,48,1.5666666666666667
TRAN,49,1.5666666666666667
TRAN,50,1.5666666666666667
TRAN,51,1.5666666666666667
TRAN,52,1.5666666666666667
TRAN,53,1.6333333333333333
TRAN,54,1.6333333333333333
TRAN,55,1.8
TRAN,56,1.9
TRAN,57,2.1333333333333333
TRAN,58,2.5
TRAN,59,3.7666666666666666
TRAN,60,4.566666666666666
TRAN,61,4.833333333333333
TRAN,62,4.866666666666666
TRAN,63,4.866666666666666
TRAN,64,5.866666666666666
TRAN,65,5.866666666666666
TRAN,66,6.866666666666666
TRAN,67,6.866666666666666
TRAN,68,6.9
TRAN,69,6.933333333333334
TRAN,70,7.033333333333333
TRAN,71,7.233333333333333
TRAN,72,7.433333333333334
TRAN,73,7.433333333333334
TRAN,74,8.433333333333334
TRAN,75,8.433333333333334
TRAN,76,8.466666666666667
TRAN,77,8.666666666666666
TRAN,78,8.866666666666667
TRAN,79,9.066666666666666
TRAN,80,9.066666666666666
TRAN,81,9.066666666666666
TRAN,82,10.066666666666666
TRAN,83,10.066666666666666
TRAN,84,10.066666666666666
TRAN,85,10.666666666666666
TRAN,86,11.533333333333333
TRAN,87,11.8
TRAN,88,11.8
TRAN,89,11.8
TRAN,90,11.8
TRAN,91,11.8
TRAN,92,11.8
TRAN,93,11.8
TRAN,94,11.8
TRAN,95,11.8
TRAN,96,11.8
TRAN,97,11.8
TRAN,98,12.8
TRAN,99,12.8
TRAN,100,13.8
TRAN,101,13.8
TRAN,102,13.8
TRAN,103,13.8
TRAN,104,13.8
TRAN,105,13.833333333333334
TRAN,106,13.866666666666667
TRAN,107,14.066666666666666
TRAN,108,14.533333333333333
TRAN,109,14.766666666666667
TRAN,110,14.8
TRAN,111,16.033333333333335
TRAN,112,16.8
TRAN,113,16.8
TRAN,114,16.8
TRAN,115,16.8
TRAN,116,17.8
TRAN,117,17.8
TRAN,118,17.8
TRAN,119,17.8
TRAN,120,17.8
TRAN,121,17.8
TRAN,122,17.8
TRAN,123,17.8
TRAN,124,17.8
TRAN,125,17.8
TRAN,126,17.8
TRAN,127,17.8
TRAN,128,17.8
TRAN,129,17.8
TRAN,130,17.8
TRAN,131,17.8
TRAN,132,17.8
TRAN,133,17.8
TRAN,134,17.8
TRAN,135,17.8
TRAN,136,17.8
TRAN,137,17.8
TRAN,138,17.8
TRAN,139,17.8
TRAN,140,17.8
TRAN,141,17.8
TRAN,142,17.8
TRAN,143,17.8
TRAN,144,17.8
TRAN,145,17.8
TRAN,146,17.8
TRAN,147,17.8
TRAN,148,17.8
TRAN,149,17.8
