method,slot,x_m,y_m
B1,0,347.74937321629903,312.9772972250338
B1,1,383.8292695554841,343.9634223637821
B1,2,419.9091658946691,374.94954750253044
B1,3,455.98906223385416,405.93567264127876
B1,4,492.0689585730392,436.921797780027
B1,5,528.1488549122242,467.90792291877534
B1,6,564.2287512514092,498.89404805752366
B1,7,600.3086475905943,529.8801731962719
B1,8,636.3885439297794,560.8662983350202
B1,9,672.4684402689644,591.8524234737686
B1,10,708.5483366081494,622.8385486125169
B1,11,744.6282329473345,653.8246737512652
B1,12,780.7081292865195,684.8107988900135
B1,13,816.7880256257044,715.7969240287619
B1,14,852.8679219648895,746.7830491675102
B1,15,888.9478183040746,777.7691743062585
B1,16,925.0277146432597,808.7552994450068
B1,17,961.1076109824448,839.741424583755
B1,18,997.1875073216297,870.7275497225033
B1,19,1033.2674036608148,901.7136748612517
B1,20,1069.3473,932.6998
B1,21,1069.3473,932.6998
B1,22,1069.3473,932.6998
B1,23,1069.3473,932.6998
B1,24,1069.3473,932.6998
B1,25,1069.3473,932.6998
B1,26,1069.3473,932.6998
B1,27,1069.3473,932.6998
B1,28,1069.3473,932.6998
B1,29,1069.3473,932.6998
B1,30,1069.3473,932.6998
B1,31,1069.3473,932.6998
B1,32,1069.3473,932.6998
B1,33,1069.3473,932.6998
B1,34,1069.3473,932.6998
B1,35,1069.3473,932.6998
B1,36,1069.3473,932.6998
B1,37,1069.3473,932.6998
B1,38,1069.3473,932.6998
B1,39,1069.3473,932.6998
B1,40,1069.3473,932.6998
B1,41,1069.3473,932.6998
B1,42,1115.1255632478633,912.8694435897436
B1,43,1160.9038264957264,893.0390871794872
B1,44,1206.6820897435898,873.2087307692308
B1,45,1252.460352991453,853.3783743589744
B1,46,1298.2386162393163,833.5480179487179
B1,47,1344.0168794871795,813.7176615384615
B1,48,1389.7951427350429,793.8873051282051
B1,49,1435.573405982906,774.0569487179487
B1,50,1481.3516692307694,754.2265923076923
B1,51,1527.1299324786328,734.3962358974359
B1,52,1572.908195726496,714.5658794871795
B1,53,1618.686458974359,694.7355230769231
B1,54,1664.4647222222225,674.9051666666667
B1,55,1664.4647222222225,674.9051666666667
B1,56,1664.4647222222225,674.9051666666667
B1,57,1664.4647222222225,674.9051666666667
B1,58,1664.4647222222225,674.9051666666667
B1,59,1664.4647222222225,674.9051666666667
B1,60,1664.4647222222225,674.9051666666667
B1,61,1664.4647222222225,674.9051666666667
B1,62,1664.4647222222225,674.9051666666667
B1,63,1664.4647222222225,674.9051666666667
B1,64,1664.4647222222225,674.9051666666667
B1,65,1664.4647222222225,674.9051666666667
B1,66,1664.4647222222225,674.9051666666667
B1,67,1664.4647222222225,674.9051666666667
B1,68,1664.4647222222225,674.9051666666667
B1,69,1664.4647222222225,674.9051666666667
B1,70,1664.4647222222225,674.9051666666667
B1,71,1664.4647222222225,674.9051666666667
B1,72,1664.4647222222225,674.9051666666667
B1,73,1664.4647222222225,674.9051666666667
B1,74,1664.4647222222225,674.9051666666667
B1,75,1664.4647222222225,674.9051666666667
B1,76,1622.3921838624342,699.5096258730159
B1,77,1580.3196455026457,724.1140850793652
B1,78,1538.2471071428574,748.7185442857143
B1,79,1496.174568783069,773.3230034920635
B1,80,1454.1020304232807,797.9274626984128
B1,81,1412.0294920634922,822.531921904762
B1,82,1369.956953703704,847.1363811111112
B1,83,1327.8844153439154,871.7408403174604
B1,84,1285.8118769841271,896.3452995238097
B1,85,1243.7393386243386,920.9497587301589
B1,86,1201.6668002645504,945.5542179365082
B1,87,1159.5942619047619,970.1586771428574
B1,88,1117.5217235449736,994.7631363492067
B1,89,1075.4491851851853,1019.3675955555558
B1,90,1033.3766468253968,1043.972054761905
B1,91,991.3041084656085,1068.5765139682544
B1,92,949.2315701058202,1093.1809731746034
B1,93,907.1590317460317,1117.7854323809527
B1,94,865.0864933862433,1142.389891587302
B1,95,823.0139550264549,1166.9943507936512
B1,96,780.9414166666666,1191.5988100000004
B1,97,738.8688783068783,1216.2032692063494
B1,98,696.7963399470898,1240.807728412699
B1,99,654.7238015873015,1265.412187619048
B1,100,612.6512632275133,1290.0166468253974
B1,101,570.5787248677248,1314.6211060317464
B1,102,528.5061865079363,1339.225565238096
B1,103,486.433648148148,1363.830024444445
B1,104,444.3611097883595,1388.4344836507942
B1,105,402.28857142857123,1413.0389428571434
B1,106,402.28857142857134,1413.0389428571434
B1,107,402.28857142857134,1413.0389428571434
B1,108,402.28857142857134,1413.0389428571434
B1,109,402.28857142857134,1413.0389428571434
B1,110,402.28857142857134,1413.0389428571434
B1,111,402.28857142857134,1413.0389428571434
B1,112,402.28857142857134,1413.0389428571434
B1,113,402.28857142857134,1413.0389428571434
B1,114,402.28857142857134,1413.0389428571434
B1,115,402.28857142857134,1413.0389428571434
B1,116,402.28857142857134,1413.0389428571434
B1,117,402.28857142857134,1413.0389428571434
B1,118,402.28857142857134,1413.0389428571434
B1,119,402.28857142857134,1413.0389428571434
B1,120,402.28857142857134,1413.0389428571434
B1,121,402.28857142857134,1413.0389428571434
B1,122,402.28857142857134,1413.0389428571434
B1,123,402.28857142857134,1413.0389428571434
B1,124,402.28857142857134,1413.0389428571434
B1,125,402.28857142857134,1413.0389428571434
B1,126,402.28857142857134,1413.0389428571434
B1,127,399.91730194108123,1365.2101756557474
B1,128,397.5460324535911,1317.3814084543512
B1,129,395.17476296610107,1269.5526412529553
B1,130,392.80349347861096,1221.723874051559
B1,131,390.43222399112085,1173.895106850163
B1,132,388.06095450363074,1126.066339648767
B1,133,385.68968501614063,1078.237572447371
B1,134,383.3184155286505,1030.408805245975
B1,135,380.94714604116047,982.5800380445788
B1,136,378.57587655367035,934.7512708431827
B1,137,376.20460706618024,886.9225036417866
B1,138,373.83333757869013,839.0937364403907
B1,139,371.4620680912,791.2649692389946
B1,140,369.0907986037099,743.4362020375985
B1,141,366.71952911621986,695.6074348362024
B1,142,364.34825962872975,647.7786676348063
B1,143,361.97699014123964,599.9499004334103
B1,144,359.60572065374953,552.1211332320142
B1,145,357.2344511662594,504.29236603061804
B1,146,354.86318167876937,456.46359882922206
B1,147,352.49191219127925,408.6348316278261
B1,148,350.12064270378914,360.8060644264299
B1,149,347.74937321629903,312.9772972250339
B1,150,347.74937321629903,312.9772972250338
P,0,347.74937321629903,312.9772972250338
P,1,386.29473096390234,344.8246737435051
P,2,422.3746273030874,375.81079888225344
P,3,458.4545236422724,406.79692402100176
P,4,494.53441998145746,437.78304915975
P,5,530.6143163206425,468.76917429849834
P,6,566.6942126598275,499.75529943724666
P,7,602.7741089990126,530.741424575995
P,8,639.8198995131543,564.3213203498406
P,9,675.8997958523393,595.3074454885889
P,10,711.9796921915242,626.2935706273372
P,11,748.0595885307093,657.2796957660855
P,12,784.1394848698943,688.2658209048338
P,13,820.2193812090793,719.2519460435822
P,14,856.2992775482644,750.2380711823305
P,15,892.3791738874495,781.2241963210788
P,16,928.4590702266346,812.2103214598271
P,17,964.5389665658197,843.1964465985753
P,18,1000.6188629050046,874.1825717373237
P,19,1036.6987592441894,905.168696876072
P,20,1072.7786555833745,936.1548220148203
P,21,1072.7786555833745,936.1548220148203
P,22,1122.7594219256775,934.7681025637057
P,23,1122.7594219256775,934.7681025637057
P,24,1122.7594219256775,934.7681025637057
P,25,1122.7594219256775,934.7681025637057
P,26,1122.7594219256775,934.7681025637057
P,27,1122.7594219256775,934.7681025637057
P,28,1122.7594219256775,934.7681025637057
P,29,1122.7594219256775,934.7681025637057
P,30,1122.7594219256775,934.7681025637057
P,31,1122.7594219256775,934.7681025637057
P,32,1122.7594219256775,934.7681025637057
P,33,1122.7594219256775,934.7681025637057
P,34,1122.7594219256775,934.7681025637057
P,35,1122.7594219256775,934.7681025637057
P,36,1122.7594219256775,934.7681025637057
P,37,1120.2939605172594,933.9068511839827
P,38,1120.2939605172594,933.9068511839827
P,39,1120.2939605172594,933.9068511839827
P,40,1120.2939605172594,933.9068511839827
P,41,1120.2939605172594,933.9068511839827
P,42,1105.633204661191,979.4010287119669
P,43,1151.4114679090544,959.5706723017105
P,44,1164.9151093618466,972.826868095494
P,45,1210.6933726097095,952.9965116852376
P,46,1256.471635857573,933.1661552749811
P,47,1302.2498991054363,913.3357988647247
P,48,1348.0281623532996,893.5054424544683
P,49,1393.8064256011626,873.6750860442119
P,50,1439.584688849026,853.8447296339555
P,51,1485.3629520968893,834.0143732236991
P,52,1522.8777101782694,810.890904760132
P,53,1568.6559734261323,791.0605483498756
P,54,1614.4342366739957,771.2301919396192
P,55,1614.4342366739957,771.2301919396192
P,56,1614.4342366739957,771.2301919396192
P,57,1614.4342366739957,771.2301919396192
P,58,1614.4342366739957,771.2301919396192
P,59,1614.4342366739957,771.2301919396192
P,60,1614.4342366739957,771.2301919396192
P,61,1614.4342366739957,771.2301919396192
P,62,1614.4342366739957,771.2301919396192
P,63,1614.4342366739957,771.2301919396192
P,64,1614.4342366739957,771.2301919396192
P,65,1614.4342366739957,771.2301919396192
P,66,1614.4342366739957,771.2301919396192
P,67,1614.4342366739957,771.2301919396192
P,68,1614.4342366739957,771.2301919396192
P,69,1614.4342366739957,771.2301919396192
P,70,1614.4342366739957,771.2301919396192
P,71,1614.4342366739957,771.2301919396192
P,72,1614.4342366739957,771.2301919396192
P,73,1614.4342366739957,771.2301919396192
P,74,1564.4534703316926,772.6169113907338
P,75,1564.4534703316926,772.6169113907338
P,76,1522.3809319719044,797.221370597083
P,77,1480.3083936121159,821.8258298034323
P,78,1438.2358552523276,846.4302890097814
P,79,1396.1633168925391,871.0347482161307
P,80,1354.0907785327508,895.6392074224799
P,81,1312.0182401729624,920.2436666288291
P,82,1269.945701813174,944.8481258351783
P,83,1227.8731634533856,969.4525850415275
P,84,1185.8006250935973,994.0570442478768
P,85,1143.7280867338088,1018.661503454226
P,86,1101.6555483740206,1043.2659626605753
P,87,1059.583010014232,1067.8704218669245
P,88,1016.5229324736401,1093.283601856808
P,89,974.4503941138521,1117.888061063157
P,90,932.3778557540636,1142.4925202695063
P,91,890.3053173942752,1167.0969794758557
P,92,848.232779034487,1191.7014386822048
P,93,838.4348624697697,1183.219345684514
P,94,864.0989542054398,1143.1986123708361
P,95,822.0264158456514,1167.8030715771854
P,96,779.953877485863,1192.4075307835346
P,97,737.8813391260747,1217.0119899898837
P,98,695.8088007662863,1241.6164491962331
P,99,653.736262406498,1266.2209084025822
P,100,611.6637240467097,1290.8253676089316
P,101,569.5911856869212,1315.4298268152806
P,102,527.5186473271327,1340.0342860216301
P,103,485.4461089673444,1364.6387452279791
P,104,443.3735706075559,1389.2432044343284
P,105,401.30103224776764,1413.8476636406776
P,106,401.30103224776775,1413.8476636406776
P,107,401.30103224776775,1413.8476636406776
P,108,401.30103224776775,1413.8476636406776
P,109,401.30103224776775,1413.8476636406776
P,110,401.30103224776775,1413.8476636406776
P,111,401.30103224776775,1413.8476636406776
P,112,401.30103224776775,1413.8476636406776
P,113,401.30103224776775,1413.8476636406776
P,114,401.30103224776775,1413.8476636406776
P,115,401.30103224776775,1413.8476636406776
P,116,401.30103224776775,1413.8476636406776
P,117,401.30103224776775,1413.8476636406776
P,118,401.30103224776775,1413.8476636406776
P,119,401.30103224776775,1413.8476636406776
P,120,401.30103224776775,1413.8476636406776
P,121,401.30103224776775,1413.8476636406776
P,122,401.30103224776775,1413.8476636406776
P,123,401.30103224776775,1413.8476636406776
P,124,401.30103224776775,1413.8476636406776
P,125,401.30103224776775,1413.8476636406776
P,126,401.30103224776775,1413.8476636406776
P,127,398.92976276027764,1366.0188964392817
P,128,396.55849327278753,1318.1901292378855
P,129,394.1872237852975,1270.3613620364895
P,130,391.81595429780737,1222.5325948350933
P,131,389.44468481031726,1174.7038276336973
P,132,387.07341532282715,1126.8750604323013
P,133,384.70214583533703,1079.0462932309051
P,134,382.3308763478469,1031.2175260295091
P,135,379.95960686035687,983.3887588281129
P,136,378.57587655367035,934.7512708431827
P,137,376.20460706618024,886.9225036417866
P,138,373.83333757869013,839.0937364403907
P,139,371.4620680912,791.2649692389946
P,140,369.0907986037099,743.4362020375985
P,141,366.71952911621986,695.6074348362024
P,142,364.34825962872975,647.7786676348063
P,143,361.97699014123964,599.9499004334103
P,144,359.60572065374953,552.1211332320142
P,145,357.2344511662594,504.29236603061804
P,146,354.86318167876937,456.46359882922206
P,147,352.49191219127925,408.6348316278261
P,148,350.12064270378914,360.8060644264299
P,149,347.74937321629903,312.9772972250339
P,150,347.74937321629903,312.9772972250338
TRAN,0,347.74937321629903,312.9772972250338
TRAN,1,395.7352023279611,326.8490896378592
TRAN,2,443.7999558859004,340.4600229508882
TRAN,3,491.9463560279365,353.7947391663608
TRAN,4,540.1771811824716,366.8363913098798
TRAN,5,588.4953355229625,379.56617662277694
TRAN,6,636.9039460311077,391.96267782379084
TRAN,7,685.4079325977901,403.9952932761729
TRAN,8,734.0101127481523,415.63891549728436
TRAN,9,782.7078818281819,426.88899868232085
TRAN,10,831.4959639761547,437.75213403026703
TRAN,11,880.36906899817,448.23510750753394
TRAN,12,929.3252076277048,458.3293594788599
TRAN,13,978.3780095735015,467.94590921711955
TRAN,14,1027.5384053129503,476.99536636410295
TRAN,15,1076.7468557147918,485.77009386000674
TRAN,16,1125.8326867390776,495.1716286618962
TRAN,17,1173.7126715454879,509.3182761463293
TRAN,18,1217.8777683400892,532.2581111862634
TRAN,19,1263.168144349502,553.0410631571425
TRAN,20,1310.0730860736116,569.9434096243422
TRAN,21,1358.5575236095206,581.6217504085978
TRAN,22,1408.250770667223,585.8841015172502
TRAN,23,1457.9183137569134,581.709805466421
TRAN,24,1493.3626983858176,547.4204585026275
TRAN,25,1449.072377225693,524.6836046491431
TRAN,26,1402.7221182316273,506.22606736276794
TRAN,27,1356.5869911765544,487.17427893086204
TRAN,28,1311.0782027103285,466.6566136971908
TRAN,29,1265.8910056940235,445.4780439027256
TRAN,30,1218.0215206771923,431.7928616416474
TRAN,31,1240.4447912741962,476.2124581914268
TRAN,32,1273.1801343151924,513.8704257892626
TRAN,33,1308.0843968983963,549.5626673262269
TRAN,34,1344.4991548383123,583.7270947612958
TRAN,35,1382.633059259224,615.9669421894837
TRAN,36,1423.2571095508943,645.0053523536088
TRAN,37,1465.8706907920139,671.0315049201931
TRAN,38,1510.1225454639823,694.1600396072645
TRAN,39,1556.3911576450844,712.9358549102911
TRAN,40,1604.1304636550396,727.5864246348823
TRAN,41,1652.5010805350676,739.9839113632461
TRAN,42,1701.0848873247987,751.4215116877451
TRAN,43,1749.6836324213014,762.2200833252296
TRAN,44,1701.1325658006517,751.070950125456
TRAN,45,1652.6596709289795,739.1540700898736
TRAN,46,1604.4782893397312,726.0427297977658
TRAN,47,1556.65633241224,711.6556599053448
TRAN,48,1509.2447543376322,695.9624492160065
TRAN,49,1461.8511054668058,680.2130567113559
TRAN,50,1414.5970898479768,664.0526788706077
TRAN,51,1372.0774993629166,637.8368668052374
TRAN,52,1334.928525179626,604.4246653092343
TRAN,53,1299.7393444388515,568.9477943263693
TRAN,54,1265.5622780860413,532.4922979474217
TRAN,55,1231.9137752535162,495.5479073257486
TRAN,56,1198.4597846294757,458.42850334367154
TRAN,57,1165.0474140280087,421.27562293712054
TRAN,58,1131.1634162960409,384.56599026775206
TRAN,59,1090.133028286856,356.1642524545435
TRAN,60,1079.8985978663045,405.00783352376243
TRAN,61,1080.2972306450902,454.9631308341099
TRAN,62,1081.9111935822016,504.90377342542956
TRAN,63,1083.9982941367355,554.8299735645928
TRAN,64,1086.4054929792605,604.7428971160755
TRAN,65,1089.0881538029814,654.6421537893616
TRAN,66,1092.0285260617313,704.5281918144102
TRAN,67,1095.2061603102904,754.4008677498412
TRAN,68,1098.6676821568158,804.2538806835514
TRAN,69,1102.6180729525659,854.0672933383111
TRAN,70,1107.8829534820081,903.7492645120848
TRAN,71,1122.3846331372833,951.4991493873073
TRAN,72,1172.0476346745645,953.8761420227953
TRAN,73,1221.6415868088523,957.1075803267169
TRAN,74,1269.514047266004,969.6569761431474
TRAN,75,1253.494765783805,1016.2799438898398
TRAN,76,1219.3306074380853,1052.2362535255188
TRAN,77,1185.4842202172981,1088.0725944366536
TRAN,78,1232.7447424276504,1077.6668102544131
TRAN,79,1275.9446587417794,1054.362501931891
TRAN,80,1250.7729813273463,1017.1969383208991
TRAN,81,1201.933529468539,1022.6867866731545
TRAN,82,1159.7358239293173,1049.4423299069263
TRAN,83,1117.8652214020292,1076.7455737639796
TRAN,84,1075.985083250754,1104.0405751502349
TRAN,85,1034.0125014014727,1131.1953524358275
TRAN,86,991.9031200880846,1158.1376650190061
TRAN,87,949.6735346868724,1184.8907265562855
TRAN,88,907.3936638526762,1211.5641198495086
TRAN,89,865.1069352581794,1238.226793722823
TRAN,90,822.8320300637254,1264.9084498257946
TRAN,91,780.5723302308049,1291.6144090276055
TRAN,92,738.3238375177535,1318.3382484996127
TRAN,93,696.0823351414139,1345.0731576858504
TRAN,94,653.8392777628618,1371.8054035459204
TRAN,95,611.5734311385353,1398.5009488361661
TRAN,96,569.5759145518782,1425.6018387063837
TRAN,97,531.5057951573832,1457.762224884276
TRAN,98,496.50600130066226,1492.6821580128349
TRAN,99,503.6689725853674,1470.276931051397
TRAN,100,495.55744045345165,1511.7697269745988
TRAN,101,510.8907089164592,1478.1546728201586
TRAN,102,473.93640141993245,1487.1856116526062
TRAN,103,512.3005062109589,1456.0160003615429
TRAN,104,546.6659600715518,1420.0524364826952
TRAN,105,580.1645001903784,1383.3369594516998
TRAN,106,612.4938343987482,1345.6562835247407
TRAN,107,643.2970503178456,1306.7996501561622
TRAN,108,672.1310682902338,1266.5586852175145
TRAN,109,698.4731507432804,1224.7723864938414
TRAN,110,721.8149341050048,1181.4496505804252
TRAN,111,741.7757454310271,1137.001115296742
TRAN,112,757.8756159018003,1093.2013352849851
TRAN,113,796.422347815794,1078.907838476177
TRAN,114,842.8027105786871,1083.3043836116667
TRAN,115,889.8967579669381,1091.67765707425
TRAN,116,936.3305466597284,1104.2931425244567
TRAN,117,981.3882757040807,1121.1794286167517
TRAN,118,1024.6688521363703,1141.6397968174801
TRAN,119,1065.8195404770615,1163.4713472192602
TRAN,120,1099.6044211717983,1181.8719589665693
TRAN,121,1074.6637362669908,1169.6854259677702
TRAN,122,1034.5355053575213,1151.0416270269702
TRAN,123,991.4412717108127,1132.3187853346412
TRAN,124,947.2653588477984,1115.1250138056116
TRAN,125,902.312569704691,1100.6937288058373
TRAN,126,856.9240184308981,1089.4435273740387
TRAN,127,812.5065393128639,1081.4290590348053
TRAN,128,775.178526990527,1076.9489339825573
TRAN,129,768.223207816616,1076.7315569195384
TRAN,130,768.7817607756432,1076.6451348298287
TRAN,131,768.8396477595775,1077.855806966655
TRAN,132,773.9826809887016,1052.931657839276
TRAN,133,777.3939983742015,1009.1734467500904
TRAN,134,775.2801106170606,962.2803385054801
TRAN,135,766.7499086073066,915.273999569186
TRAN,136,752.2839075527013,869.3546240257967
TRAN,137,732.8578517244945,825.0284592673271
TRAN,138,709.7850592436338,782.2280896893557
TRAN,139,684.1681421989193,740.6576814618212
TRAN,140,656.7604983706059,700.0297386320689
TRAN,141,628.0744952022142,660.1074775835295
TRAN,142,598.4633820850286,620.7074774452092
TRAN,143,568.1759073259107,581.6905897523656
TRAN,144,537.3912516630288,542.9515902106508
TRAN,145,506.24123254352327,504.41059999039777
TRAN,146,474.8245168238677,466.0066750705757
TRAN,147,443.2159826178677,427.6931268094831
TRAN,148,411.4729234490396,389.4341789995643
TRAN,149,379.63940863783927,351.20249056271484
TRAN,150,347.74937321629903,312.9772972250338
