class_counts,image,mask,pair_id,presence_vector
"{""0"": 5732273, ""1"": 866708, ""2"": 823560, ""3"": 989132, ""4"": 692637, ""5"": 139111, ""6"": 22289, ""8"": 2640029, ""9"": 94261}",val-org-img/10781.jpg,val-label-img/10781_lab.png,10781,"[1, 2, 3, 4, 5, 6, 8, 9]"
"{""0"": 9177775, ""5"": 945497, ""8"": 1001174, ""9"": 875554}",val-org-img/10793.jpg,val-label-img/10793_lab.png,10793,"[5, 8, 9]"
"{""0"": 7671418, ""2"": 390712, ""5"": 2328656, ""7"": 1181757, ""8"": 139214, ""9"": 288243}",val-org-img/10803.jpg,val-label-img/10803_lab.png,10803,"[2, 5, 7, 8, 9]"
"{""0"": 12000000}",val-org-img/10834.jpg,val-label-img/10834_lab.png,10834,[]
"{""0"": 8696328, ""5"": 2070702, ""6"": 142299, ""7"": 718847, ""9"": 303281, ""10"": 68543}",val-org-img/10842.jpg,val-label-img/10842_lab.png,10842,"[5, 6, 7, 9, 10]"
"{""0"": 4857016, ""1"": 3438311, ""2"": 1304356, ""3"": 360716, ""4"": 84799, ""5"": 280405, ""8"": 1545793, ""9"": 128604}",val-org-img/10860.jpg,val-label-img/10860_lab.png,10860,"[1, 2, 3, 4, 5, 8, 9]"
"{""0"": 8568757, ""2"": 336074, ""3"": 1474421, ""4"": 319190, ""5"": 377954, ""6"": 73234, ""8"": 461958, ""9"": 388412}",val-org-img/10866.jpg,val-label-img/10866_lab.png,10866,"[2, 3, 4, 5, 6, 8, 9]"
"{""0"": 10261671, ""2"": 42329, ""3"": 885382, ""5"": 804169, ""6"": 6449}",val-org-img/10869.jpg,val-label-img/10869_lab.png,10869,"[2, 3, 5, 6]"
"{""0"": 9174149, ""4"": 1721054, ""8"": 1104797}",val-org-img/10892.jpg,val-label-img/10892_lab.png,10892,"[4, 8]"
"{""0"": 10205066, ""1"": 710049, ""5"": 1084885}",val-org-img/10925.jpg,val-label-img/10925_lab.png,10925,"[1, 5]"
"{""0"": 8643831, ""3"": 2364360, ""6"": 63337, ""8"": 928472}",val-org-img/10942.jpg,val-label-img/10942_lab.png,10942,"[3, 6, 8]"
"{""0"": 6748220, ""1"": 4771299, ""3"": 381926, ""6"": 98555}",val-org-img/10954.jpg,val-label-img/10954_lab.png,10954,"[1, 3, 6]"
"{""0"": 8958897, ""5"": 1797687, ""7"": 1191983, ""10"": 51433}",val-org-img/10963.jpg,val-label-img/10963_lab.png,10963,"[5, 7, 10]"
"{""0"": 10634954, ""5"": 315381, ""7"": 613540, ""9"": 370690, ""10"": 65435}",val-org-img/10966.jpg,val-label-img/10966_lab.png,10966,"[5, 7, 9, 10]"
"{""0"": 11412461, ""5"": 587539}",val-org-img/10968.jpg,val-label-img/10968_lab.png,10968,[5]
"{""0"": 11705592, ""5"": 294408}",val-org-img/10970.jpg,val-label-img/10970_lab.png,10970,[5]
"{""0"": 8630758, ""2"": 352644, ""5"": 537163, ""7"": 1431728, ""8"": 854537, ""9"": 193170}",val-org-img/10985.jpg,val-label-img/10985_lab.png,10985,"[2, 5, 7, 8, 9]"
"{""0"": 4381677, ""1"": 5742306, ""4"": 109620, ""8"": 1684726, ""10"": 81671}",val-org-img/10997.jpg,val-label-img/10997_lab.png,10997,"[1, 4, 8, 10]"
"{""0"": 9559802, ""1"": 172685, ""5"": 1068765, ""8"": 1198748}",val-org-img/11000.jpg,val-label-img/11000_lab.png,11000,"[1, 5, 8]"
"{""0"": 7726033, ""5"": 2991731, ""7"": 28039, ""8"": 1092276, ""9"": 161921}",val-org-img/11005.jpg,val-label-img/11005_lab.png,11005,"[5, 7, 8, 9]"
"{""0"": 4594040, ""1"": 5648752, ""3"": 71875, ""4"": 235760, ""7"": 1449573}",val-org-img/11015.jpg,val-label-img/11015_lab.png,11015,"[1, 3, 4, 7]"
"{""0"": 6124388, ""1"": 1962164, ""3"": 1736246, ""7"": 2177202}",val-org-img/11018.jpg,val-label-img/11018_lab.png,11018,"[1, 3, 7]"
"{""0"": 7424627, ""1"": 1519502, ""2"": 362268, ""5"": 1857563, ""7"": 836040}",val-org-img/11046.jpg,val-label-img/11046_lab.png,11046,"[1, 2, 5, 7]"
"{""0"": 11209467, ""1"": 479796, ""4"": 287151, ""6"": 23586}",val-org-img/11070.jpg,val-label-img/11070_lab.png,11070,"[1, 4, 6]"
"{""0"": 2855273, ""3"": 301830, ""6"": 44854, ""8"": 1388811, ""9"": 7409232}",val-org-img/11072.jpg,val-label-img/11072_lab.png,11072,"[3, 6, 8, 9]"
"{""0"": 3604176, ""1"": 646036, ""6"": 77969, ""7"": 556168, ""9"": 7115651}",val-org-img/11086.jpg,val-label-img/11086_lab.png,11086,"[1, 6, 7, 9]"
"{""0"": 5730920, ""1"": 674803, ""2"": 208972, ""4"": 786306, ""7"": 182173, ""8"": 1113932, ""9"": 3302894}",val-org-img/11113.jpg,val-label-img/11113_lab.png,11113,"[1, 2, 4, 7, 8, 9]"
"{""0"": 5845901, ""1"": 3598220, ""6"": 169997, ""7"": 253951, ""9"": 2131931}",val-org-img/11116.jpg,val-label-img/11116_lab.png,11116,"[1, 6, 7, 9]"
"{""0"": 8576469, ""1"": 616471, ""3"": 1690722, ""7"": 1116338}",val-org-img/11122.jpg,val-label-img/11122_lab.png,11122,"[1, 3, 7]"
"{""0"": 6266477, ""1"": 1153285, ""2"": 876137, ""5"": 471118, ""7"": 1933395, ""9"": 1299588}",val-org-img/11125.jpg,val-label-img/11125_lab.png,11125,"[1, 2, 5, 7, 9]"
"{""0"": 10677432, ""5"": 620597, ""6"": 97799, ""7"": 604172}",val-org-img/11133.jpg,val-label-img/11133_lab.png,11133,"[5, 6, 7]"
"{""9"": 12000000}",val-org-img/11142.jpg,val-label-img/11142_lab.png,11142,[9]
"{""0"": 81451, ""9"": 11918549}",val-org-img/11143.jpg,val-label-img/11143_lab.png,11143,[9]
"{""0"": 21936, ""9"": 11978064}",val-org-img/11144.jpg,val-label-img/11144_lab.png,11144,[9]
"{""0"": 9187181, ""1"": 203465, ""7"": 1364518, ""9"": 1244836}",val-org-img/11150.jpg,val-label-img/11150_lab.png,11150,"[1, 7, 9]"
"{""0"": 4079616, ""1"": 3196551, ""2"": 136012, ""3"": 1559471, ""7"": 1254528, ""9"": 1773822}",val-org-img/11160.jpg,val-label-img/11160_lab.png,11160,"[1, 2, 3, 7, 9]"
"{""0"": 5068486, ""1"": 3387995, ""2"": 746066, ""3"": 1275239, ""6"": 296690, ""7"": 1225524}",val-org-img/11177.jpg,val-label-img/11177_lab.png,11177,"[1, 2, 3, 6, 7]"
"{""0"": 5801605, ""6"": 30656, ""8"": 731957, ""9"": 5435782}",val-org-img/11184.jpg,val-label-img/11184_lab.png,11184,"[6, 8, 9]"
"{""0"": 5861809, ""7"": 882449, ""9"": 5255742}",val-org-img/11186.jpg,val-label-img/11186_lab.png,11186,"[7, 9]"
"{""0"": 6144326, ""1"": 773960, ""7"": 1607050, ""9"": 3474664}",val-org-img/11191.jpg,val-label-img/11191_lab.png,11191,"[1, 7, 9]"
"{""0"": 8108310, ""1"": 3118490, ""5"": 773200}",val-org-img/11207.jpg,val-label-img/11207_lab.png,11207,"[1, 5]"
"{""0"": 7444401, ""2"": 359574, ""4"": 579028, ""6"": 33317, ""8"": 947694, ""9"": 2635986}",val-org-img/11211.jpg,val-label-img/11211_lab.png,11211,"[2, 4, 6, 8, 9]"
"{""0"": 8467868, ""2"": 33140, ""3"": 1341468, ""6"": 119596, ""7"": 1949051, ""9"": 88877}",val-org-img/11230.jpg,val-label-img/11230_lab.png,11230,"[2, 3, 6, 7, 9]"
"{""0"": 7631702, ""2"": 1036317, ""3"": 686763, ""4"": 405533, ""5"": 299993, ""6"": 153342, ""7"": 1786350}",val-org-img/11231.jpg,val-label-img/11231_lab.png,11231,"[2, 3, 4, 5, 6, 7]"
"{""0"": 3103, ""9"": 11996897}",val-org-img/11251.jpg,val-label-img/11251_lab.png,11251,[9]
"{""0"": 2370248, ""7"": 876838, ""9"": 8752914}",val-org-img/11259.jpg,val-label-img/11259_lab.png,11259,"[7, 9]"
"{""0"": 4323797, ""1"": 7328013, ""3"": 348190}",val-org-img/11266.jpg,val-label-img/11266_lab.png,11266,"[1, 3]"
"{""0"": 4092740, ""1"": 6957796, ""2"": 233587, ""3"": 529880, ""4"": 185997}",val-org-img/11275.jpg,val-label-img/11275_lab.png,11275,"[1, 2, 3, 4]"
"{""0"": 6604526, ""1"": 3487739, ""2"": 853657, ""8"": 1054078}",val-org-img/11283.jpg,val-label-img/11283_lab.png,11283,"[1, 2, 8]"
"{""0"": 3271374, ""1"": 7065978, ""3"": 1005184, ""4"": 115724, ""8"": 541740}",val-org-img/11288.jpg,val-label-img/11288_lab.png,11288,"[1, 3, 4, 8]"
"{""0"": 4288090, ""1"": 6798023, ""2"": 632153, ""7"": 281734}",val-org-img/11304.jpg,val-label-img/11304_lab.png,11304,"[1, 2, 7]"
"{""0"": 2490857, ""1"": 4130603, ""7"": 1231524, ""9"": 4147016}",val-org-img/11307.jpg,val-label-img/11307_lab.png,11307,"[1, 7, 9]"
"{""9"": 12000000}",val-org-img/11313.jpg,val-label-img/11313_lab.png,11313,[9]
"{""0"": 2064168, ""1"": 9292214, ""2"": 286320, ""8"": 357298}",val-org-img/11336.jpg,val-label-img/11336_lab.png,11336,"[1, 2, 8]"
"{""0"": 2081127, ""1"": 8976602, ""2"": 191136, ""3"": 580999, ""4"": 88595, ""8"": 81541}",val-org-img/11337.jpg,val-label-img/11337_lab.png,11337,"[1, 2, 3, 4, 8]"
"{""0"": 2196949, ""1"": 8713632, ""3"": 694221, ""8"": 395198}",val-org-img/11345.jpg,val-label-img/11345_lab.png,11345,"[1, 3, 8]"
"{""0"": 3870249, ""1"": 7019062, ""3"": 762038, ""8"": 348651}",val-org-img/11346.jpg,val-label-img/11346_lab.png,11346,"[1, 3, 8]"
"{""0"": 3340081, ""1"": 1480185, ""4"": 3181175, ""6"": 39899, ""7"": 3958660}",val-org-img/11359.jpg,val-label-img/11359_lab.png,11359,"[1, 4, 6, 7]"
"{""0"": 6610222, ""1"": 3836834, ""2"": 519215, ""7"": 1033729}",val-org-img/11372.jpg,val-label-img/11372_lab.png,11372,"[1, 2, 7]"
"{""0"": 6117655, ""1"": 2506997, ""7"": 3375348}",val-org-img/11384.jpg,val-label-img/11384_lab.png,11384,"[1, 7]"
"{""0"": 6032149, ""3"": 199627, ""4"": 436293, ""6"": 110234, ""7"": 2747913, ""8"": 2473784}",val-org-img/11391.jpg,val-label-img/11391_lab.png,11391,"[3, 4, 6, 7, 8]"
"{""0"": 6697135, ""6"": 178766, ""7"": 3842341, ""8"": 1281758}",val-org-img/11392.jpg,val-label-img/11392_lab.png,11392,"[6, 7, 8]"
"{""0"": 5661626, ""1"": 893545, ""3"": 1851155, ""4"": 685544, ""7"": 1123643, ""8"": 1784487}",val-org-img/11403.jpg,val-label-img/11403_lab.png,11403,"[1, 3, 4, 7, 8]"
"{""0"": 7540392, ""2"": 511210, ""3"": 1591157, ""6"": 179834, ""7"": 2177407}",val-org-img/11420.jpg,val-label-img/11420_lab.png,11420,"[2, 3, 6, 7]"
"{""0"": 6178183, ""2"": 1983753, ""3"": 422992, ""6"": 191790, ""7"": 3223282}",val-org-img/11421.jpg,val-label-img/11421_lab.png,11421,"[2, 3, 6, 7]"
"{""0"": 5591401, ""1"": 3449651, ""7"": 2958948}",val-org-img/11437.jpg,val-label-img/11437_lab.png,11437,"[1, 7]"
"{""0"": 5819302, ""1"": 2756955, ""2"": 583267, ""3"": 1439407, ""4"": 214857, ""6"": 41914, ""7"": 368167, ""8"": 726615, ""10"": 49516}",val-org-img/11451.jpg,val-label-img/11451_lab.png,11451,"[1, 2, 3, 4, 6, 7, 8, 10]"
"{""0"": 6161299, ""1"": 2899443, ""2"": 533884, ""3"": 688350, ""4"": 49001, ""6"": 82038, ""8"": 1543282, ""10"": 42703}",val-org-img/11452.jpg,val-label-img/11452_lab.png,11452,"[1, 2, 3, 4, 6, 8, 10]"
"{""9"": 12000000}",val-org-img/11458.jpg,val-label-img/11458_lab.png,11458,[9]
"{""9"": 12000000}",val-org-img/11462.jpg,val-label-img/11462_lab.png,11462,[9]
"{""0"": 4801544, ""1"": 4589833, ""3"": 1384119, ""8"": 1224504}",val-org-img/11481.jpg,val-label-img/11481_lab.png,11481,"[1, 3, 8]"
"{""0"": 4626697, ""1"": 2642054, ""4"": 3712192, ""6"": 82234, ""8"": 936823}",val-org-img/11482.jpg,val-label-img/11482_lab.png,11482,"[1, 4, 6, 8]"
"{""0"": 7997673, ""3"": 376873, ""5"": 605901, ""6"": 467857, ""7"": 2551696}",val-org-img/11491.jpg,val-label-img/11491_lab.png,11491,"[3, 5, 6, 7]"
"{""0"": 10030108, ""2"": 1372880, ""5"": 597012}",val-org-img/11511.jpg,val-label-img/11511_lab.png,11511,"[2, 5]"
"{""0"": 10817862, ""5"": 1182138}",val-org-img/11521.jpg,val-label-img/11521_lab.png,11521,[5]
"{""0"": 7123065, ""2"": 384669, ""6"": 118351, ""7"": 4293209, ""9"": 80706}",val-org-img/11553.jpg,val-label-img/11553_lab.png,11553,"[2, 6, 7, 9]"
"{""0"": 4225605, ""2"": 4330107, ""4"": 124828, ""6"": 49029, ""7"": 2725605, ""9"": 499218, ""10"": 45608}",val-org-img/11556.jpg,val-label-img/11556_lab.png,11556,"[2, 4, 6, 7, 9, 10]"
"{""0"": 7305048, ""1"": 4694952}",val-org-img/11610.jpg,val-label-img/11610_lab.png,11610,[1]
"{""0"": 11438881, ""4"": 561119}",val-org-img/11618.jpg,val-label-img/11618_lab.png,11618,[4]
"{""0"": 8856445, ""6"": 196953, ""7"": 2946602}",val-org-img/11631.jpg,val-label-img/11631_lab.png,11631,"[6, 7]"
"{""0"": 6484690, ""1"": 2516199, ""2"": 807787, ""3"": 1031812, ""4"": 388963, ""8"": 770549}",val-org-img/11639.jpg,val-label-img/11639_lab.png,11639,"[1, 2, 3, 4, 8]"
"{""9"": 12000000}",val-org-img/11650.jpg,val-label-img/11650_lab.png,11650,[9]
"{""9"": 12000000}",val-org-img/11654.jpg,val-label-img/11654_lab.png,11654,[9]
"{""9"": 12000000}",val-org-img/11655.jpg,val-label-img/11655_lab.png,11655,[9]
"{""0"": 8661290, ""3"": 701393, ""5"": 1576838, ""7"": 1008095, ""10"": 52384}",val-org-img/11680.jpg,val-label-img/11680_lab.png,11680,"[3, 5, 7, 10]"
"{""0"": 12000000}",val-org-img/11687.jpg,val-label-img/11687_lab.png,11687,[]
"{""0"": 6978264, ""1"": 5021736}",val-org-img/11690.jpg,val-label-img/11690_lab.png,11690,[1]
"{""0"": 12000000}",val-org-img/11696.jpg,val-label-img/11696_lab.png,11696,[]
"{""0"": 6649776, ""2"": 456937, ""3"": 193889, ""5"": 1979469, ""6"": 262657, ""7"": 1482768, ""8"": 411639, ""9"": 562865}",val-org-img/11702.jpg,val-label-img/11702_lab.png,11702,"[2, 3, 5, 6, 7, 8, 9]"
"{""0"": 7854909, ""3"": 657677, ""5"": 1876433, ""6"": 276603, ""7"": 1282285, ""10"": 52093}",val-org-img/11703.jpg,val-label-img/11703_lab.png,11703,"[3, 5, 6, 7, 10]"
"{""0"": 7666337, ""3"": 1117838, ""5"": 114570, ""6"": 24244, ""7"": 3077011}",val-org-img/11712.jpg,val-label-img/11712_lab.png,11712,"[3, 5, 6, 7]"
"{""0"": 8323823, ""2"": 1177706, ""3"": 869024, ""4"": 542815, ""6"": 24244, ""7"": 1062388}",val-org-img/11714.jpg,val-label-img/11714_lab.png,11714,"[2, 3, 4, 6, 7]"
"{""0"": 4018610, ""1"": 3780449, ""2"": 250853, ""3"": 544677, ""4"": 727980, ""6"": 57940, ""8"": 201317, ""9"": 2418174}",val-org-img/11725.jpg,val-label-img/11725_lab.png,11725,"[1, 2, 3, 4, 6, 8, 9]"
"{""0"": 3912351, ""1"": 2281641, ""9"": 5806008}",val-org-img/11768.jpg,val-label-img/11768_lab.png,11768,"[1, 9]"
"{""0"": 2600255, ""1"": 369186, ""9"": 9030559}",val-org-img/11769.jpg,val-label-img/11769_lab.png,11769,"[1, 9]"
"{""0"": 10868606, ""1"": 1131394}",val-org-img/11818.jpg,val-label-img/11818_lab.png,11818,[1]
"{""0"": 7891620, ""2"": 1942883, ""5"": 781199, ""6"": 54952, ""8"": 1329346}",val-org-img/11823.jpg,val-label-img/11823_lab.png,11823,"[2, 5, 6, 8]"
"{""0"": 10189843, ""5"": 737134, ""6"": 256933, ""7"": 816090}",val-org-img/11826.jpg,val-label-img/11826_lab.png,11826,"[5, 6, 7]"
"{""0"": 7937630, ""4"": 3024184, ""7"": 1038186}",val-org-img/11836.jpg,val-label-img/11836_lab.png,11836,"[4, 7]"
"{""0"": 9171860, ""2"": 91620, ""3"": 251970, ""5"": 297924, ""6"": 86258, ""7"": 2100368}",val-org-img/11842.jpg,val-label-img/11842_lab.png,11842,"[2, 3, 5, 6, 7]"
"{""4"": 500689, ""9"": 11499311}",val-org-img/11859.jpg,val-label-img/11859_lab.png,11859,"[4, 9]"
"{""0"": 7531174, ""2"": 216327, ""3"": 664084, ""4"": 704218, ""5"": 325137, ""6"": 111324, ""7"": 2447736}",val-org-img/11868.jpg,val-label-img/11868_lab.png,11868,"[2, 3, 4, 5, 6, 7]"
"{""0"": 7595842, ""4"": 1325552, ""5"": 389076, ""7"": 2689530}",val-org-img/11876.jpg,val-label-img/11876_lab.png,11876,"[4, 5, 7]"
"{""0"": 11200722, ""2"": 743437, ""6"": 55841}",val-org-img/11890.jpg,val-label-img/11890_lab.png,11890,"[2, 6]"
"{""0"": 8419648, ""4"": 1124542, ""5"": 1248735, ""6"": 225447, ""7"": 616414, ""9"": 365214}",val-org-img/11905.jpg,val-label-img/11905_lab.png,11905,"[4, 5, 6, 7, 9]"
"{""9"": 12000000}",val-org-img/11932.jpg,val-label-img/11932_lab.png,11932,[9]
"{""9"": 12000000}",val-org-img/11936.jpg,val-label-img/11936_lab.png,11936,[9]
"{""0"": 8440767, ""1"": 156452, ""2"": 230562, ""4"": 704816, ""5"": 1147225, ""7"": 1320178}",val-org-img/11999.jpg,val-label-img/11999_lab.png,11999,"[1, 2, 4, 5, 7]"
"{""0"": 7223643, ""2"": 158725, ""3"": 90664, ""4"": 1020448, ""5"": 709358, ""7"": 2797162}",val-org-img/12003.jpg,val-label-img/12003_lab.png,12003,"[2, 3, 4, 5, 7]"
"{""0"": 2203973, ""1"": 2686274, ""9"": 7109753}",val-org-img/12016.jpg,val-label-img/12016_lab.png,12016,"[1, 9]"
"{""0"": 2480517, ""1"": 3283301, ""2"": 108527, ""9"": 6127655}",val-org-img/12017.jpg,val-label-img/12017_lab.png,12017,"[1, 2, 9]"
"{""0"": 3863809, ""2"": 1710967, ""6"": 26642, ""7"": 1765270, ""9"": 4633312}",val-org-img/12024.jpg,val-label-img/12024_lab.png,12024,"[2, 6, 7, 9]"
"{""0"": 4588110, ""3"": 140250, ""4"": 2556361, ""9"": 4601190, ""10"": 114089}",val-org-img/12034.jpg,val-label-img/12034_lab.png,12034,"[3, 4, 9, 10]"
"{""0"": 5722842, ""2"": 1366953, ""6"": 122133, ""7"": 612938, ""9"": 4038248, ""10"": 136886}",val-org-img/12036.jpg,val-label-img/12036_lab.png,12036,"[2, 6, 7, 9, 10]"
"{""0"": 611727, ""2"": 548283, ""3"": 577257, ""7"": 637018, ""9"": 9625715}",val-org-img/12045.jpg,val-label-img/12045_lab.png,12045,"[2, 3, 7, 9]"
"{""0"": 2832462, ""2"": 275848, ""4"": 565890, ""7"": 780578, ""9"": 7545222}",val-org-img/12047.jpg,val-label-img/12047_lab.png,12047,"[2, 4, 7, 9]"
"{""0"": 10290358, ""2"": 561032, ""6"": 152051, ""7"": 996559}",val-org-img/12069.jpg,val-label-img/12069_lab.png,12069,"[2, 6, 7]"
"{""0"": 7480078, ""2"": 45462, ""4"": 730367, ""6"": 98428, ""7"": 3645665}",val-org-img/12077.jpg,val-label-img/12077_lab.png,12077,"[2, 4, 6, 7]"
"{""0"": 5295824, ""3"": 1029461, ""4"": 1468428, ""6"": 150597, ""7"": 4055690}",val-org-img/12078.jpg,val-label-img/12078_lab.png,12078,"[3, 4, 6, 7]"
"{""0"": 3383633, ""1"": 1877751, ""2"": 692072, ""3"": 3422711, ""7"": 2623833}",val-org-img/12081.jpg,val-label-img/12081_lab.png,12081,"[1, 2, 3, 7]"
"{""0"": 8469248, ""1"": 1296055, ""2"": 916800, ""3"": 195890, ""7"": 1122007}",val-org-img/12087.jpg,val-label-img/12087_lab.png,12087,"[1, 2, 3, 7]"
"{""0"": 944802, ""1"": 1773868, ""9"": 9281330}",val-org-img/12091.jpg,val-label-img/12091_lab.png,12091,"[1, 9]"
"{""0"": 1713097, ""1"": 2167093, ""9"": 8119810}",val-org-img/12093.jpg,val-label-img/12093_lab.png,12093,"[1, 9]"
"{""0"": 10951112, ""7"": 1048888}",val-org-img/12107.jpg,val-label-img/12107_lab.png,12107,[7]
"{""0"": 12000000}",val-org-img/12119.jpg,val-label-img/12119_lab.png,12119,[]
"{""0"": 9913323, ""1"": 1591501, ""3"": 325038, ""5"": 170138}",val-org-img/12126.jpg,val-label-img/12126_lab.png,12126,"[1, 3, 5]"
"{""0"": 9515921, ""6"": 223668, ""7"": 2260411}",val-org-img/12133.jpg,val-label-img/12133_lab.png,12133,"[6, 7]"
"{""0"": 9024332, ""6"": 225478, ""7"": 2750190}",val-org-img/12134.jpg,val-label-img/12134_lab.png,12134,"[6, 7]"
"{""0"": 65415, ""1"": 307778, ""9"": 11626807}",val-org-img/12148.jpg,val-label-img/12148_lab.png,12148,"[1, 9]"
"{""0"": 9195275, ""1"": 1324835, ""5"": 309420, ""8"": 1170470}",val-org-img/12168.jpg,val-label-img/12168_lab.png,12168,"[1, 5, 8]"
"{""0"": 8756562, ""1"": 1630341, ""5"": 1613097}",val-org-img/12182.jpg,val-label-img/12182_lab.png,12182,"[1, 5]"
"{""0"": 6017574, ""1"": 1838378, ""2"": 2720614, ""6"": 233008, ""7"": 1190426}",val-org-img/12214.jpg,val-label-img/12214_lab.png,12214,"[1, 2, 6, 7]"
"{""0"": 8602495, ""2"": 1959703, ""3"": 421680, ""5"": 969854, ""6"": 46268}",val-org-img/12221.jpg,val-label-img/12221_lab.png,12221,"[2, 3, 5, 6]"
"{""0"": 8526874, ""1"": 393768, ""2"": 428808, ""5"": 1483158, ""8"": 1110839, ""10"": 56553}",val-org-img/12224.jpg,val-label-img/12224_lab.png,12224,"[1, 2, 5, 8, 10]"
"{""0"": 12000000}",val-org-img/12234.jpg,val-label-img/12234_lab.png,12234,[]
"{""0"": 12000000}",val-org-img/12236.jpg,val-label-img/12236_lab.png,12236,[]
"{""0"": 10399954, ""1"": 72070, ""3"": 584318, ""5"": 943658}",val-org-img/12238.jpg,val-label-img/12238_lab.png,12238,"[1, 3, 5]"
"{""0"": 12022, ""2"": 43616, ""9"": 11944362}",val-org-img/12259.jpg,val-label-img/12259_lab.png,12259,"[2, 9]"
"{""0"": 7121782, ""2"": 375049, ""4"": 238590, ""5"": 89347, ""9"": 4175232}",val-org-img/12266.jpg,val-label-img/12266_lab.png,12266,"[2, 4, 5, 9]"
"{""0"": 6352586, ""2"": 785719, ""3"": 123366, ""4"": 1126070, ""5"": 651007, ""6"": 25244, ""8"": 2936008}",val-org-img/12276.jpg,val-label-img/12276_lab.png,12276,"[2, 3, 4, 5, 6, 8]"
"{""0"": 9556213, ""5"": 1328854, ""8"": 1114933}",val-org-img/12298.jpg,val-label-img/12298_lab.png,12298,"[5, 8]"
"{""3"": 197086, ""9"": 11802914}",val-org-img/12320.jpg,val-label-img/12320_lab.png,12320,"[3, 9]"
"{""0"": 6685056, ""3"": 910382, ""4"": 205091, ""5"": 210437, ""8"": 3989034}",val-org-img/12324.jpg,val-label-img/12324_lab.png,12324,"[3, 4, 5, 8]"
"{""0"": 4886838, ""4"": 1914137, ""5"": 572815, ""6"": 47838, ""8"": 4578372}",val-org-img/12327.jpg,val-label-img/12327_lab.png,12327,"[4, 5, 6, 8]"
"{""0"": 11309225, ""3"": 690775}",val-org-img/12339.jpg,val-label-img/12339_lab.png,12339,[3]
"{""0"": 6672722, ""3"": 1240076, ""4"": 229151, ""7"": 934214, ""8"": 2923837}",val-org-img/12365.jpg,val-label-img/12365_lab.png,12365,"[3, 4, 7, 8]"
"{""0"": 7713603, ""3"": 1574421, ""5"": 786195, ""8"": 1925781}",val-org-img/12389.jpg,val-label-img/12389_lab.png,12389,"[3, 5, 8]"
"{""0"": 4697071, ""3"": 2863781, ""4"": 411524, ""6"": 303734, ""7"": 3723890}",val-org-img/12437.jpg,val-label-img/12437_lab.png,12437,"[3, 4, 6, 7]"
"{""0"": 7958410, ""3"": 1349668, ""7"": 1511355, ""8"": 1180567}",val-org-img/12440.jpg,val-label-img/12440_lab.png,12440,"[3, 7, 8]"
"{""0"": 5280928, ""2"": 704084, ""3"": 1351401, ""4"": 989551, ""6"": 31813, ""7"": 1421241, ""9"": 2220982}",val-org-img/12469.jpg,val-label-img/12469_lab.png,12469,"[2, 3, 4, 6, 7, 9]"
"{""0"": 5, ""9"": 11999995}",val-org-img/12479.jpg,val-label-img/12479_lab.png,12479,[9]
"{""9"": 12000000}",val-org-img/12482.jpg,val-label-img/12482_lab.png,12482,[9]
"{""0"": 4190431, ""2"": 36917, ""6"": 57667, ""7"": 525217, ""9"": 7189768}",val-org-img/12485.jpg,val-label-img/12485_lab.png,12485,"[2, 6, 7, 9]"
"{""0"": 8893039, ""3"": 384606, ""6"": 304259, ""7"": 2418096}",val-org-img/12493.jpg,val-label-img/12493_lab.png,12493,"[3, 6, 7]"
"{""0"": 10284561, ""4"": 1153443, ""5"": 298147, ""7"": 263849}",val-org-img/12501.jpg,val-label-img/12501_lab.png,12501,"[4, 5, 7]"
"{""0"": 3748105, ""2"": 900080, ""7"": 1238065, ""9"": 6113750}",val-org-img/12512.jpg,val-label-img/12512_lab.png,12512,"[2, 7, 9]"
"{""0"": 1901932, ""1"": 144313, ""2"": 512439, ""6"": 22667, ""7"": 857001, ""9"": 8561648}",val-org-img/12514.jpg,val-label-img/12514_lab.png,12514,"[1, 2, 6, 7, 9]"
"{""0"": 8252445, ""4"": 679702, ""5"": 2034495, ""7"": 774611, ""9"": 258747}",val-org-img/12538.jpg,val-label-img/12538_lab.png,12538,"[4, 5, 7, 9]"
"{""0"": 7882464, ""2"": 190978, ""3"": 608529, ""4"": 516533, ""6"": 332939, ""7"": 2468557}",val-org-img/12544.jpg,val-label-img/12544_lab.png,12544,"[2, 3, 4, 6, 7]"
"{""0"": 8775131, ""2"": 1091923, ""3"": 246463, ""4"": 294480, ""6"": 44619, ""7"": 1547384}",val-org-img/12548.jpg,val-label-img/12548_lab.png,12548,"[2, 3, 4, 6, 7]"
"{""0"": 10315090, ""2"": 457877, ""3"": 263049, ""7"": 963984}",val-org-img/12549.jpg,val-label-img/12549_lab.png,12549,"[2, 3, 7]"
"{""0"": 10688790, ""1"": 1311210}",val-org-img/12558.jpg,val-label-img/12558_lab.png,12558,[1]
"{""0"": 9648790, ""1"": 2351210}",val-org-img/12559.jpg,val-label-img/12559_lab.png,12559,[1]
"{""0"": 7819248, ""3"": 353830, ""4"": 1313304, ""5"": 229636, ""6"": 37552, ""7"": 2246430}",val-org-img/12571.jpg,val-label-img/12571_lab.png,12571,"[3, 4, 5, 6, 7]"
"{""0"": 9198407, ""5"": 1805765, ""8"": 995828}",val-org-img/12575.jpg,val-label-img/12575_lab.png,12575,"[5, 8]"
"{""0"": 8690933, ""1"": 3309067}",val-org-img/12582.jpg,val-label-img/12582_lab.png,12582,[1]
"{""0"": 10082948, ""3"": 1271288, ""5"": 645764}",val-org-img/12592.jpg,val-label-img/12592_lab.png,12592,"[3, 5]"
"{""0"": 9234753, ""5"": 1472616, ""7"": 1292631}",val-org-img/12596.jpg,val-label-img/12596_lab.png,12596,"[5, 7]"
"{""0"": 7878607, ""1"": 1593364, ""2"": 1003774, ""7"": 1524255}",val-org-img/12608.jpg,val-label-img/12608_lab.png,12608,"[1, 2, 7]"
"{""0"": 739333, ""1"": 11260667}",val-org-img/12639.jpg,val-label-img/12639_lab.png,12639,[1]
"{""0"": 11747433, ""1"": 252567}",val-org-img/12645.jpg,val-label-img/12645_lab.png,12645,[1]
"{""0"": 9978816, ""4"": 370613, ""5"": 1112389, ""8"": 466403, ""9"": 71779}",val-org-img/12652.jpg,val-label-img/12652_lab.png,12652,"[4, 5, 8, 9]"
"{""0"": 6849373, ""2"": 75225, ""3"": 1530676, ""4"": 719396, ""6"": 50652, ""7"": 1034925, ""9"": 1739753}",val-org-img/12658.jpg,val-label-img/12658_lab.png,12658,"[2, 3, 4, 6, 7, 9]"
"{""9"": 12000000}",val-org-img/12667.jpg,val-label-img/12667_lab.png,12667,[9]
"{""0"": 2030583, ""2"": 355029, ""3"": 260981, ""7"": 647958, ""8"": 126020, ""9"": 8579429}",val-org-img/12673.jpg,val-label-img/12673_lab.png,12673,"[2, 3, 7, 8, 9]"
"{""1"": 12000000}",val-org-img/12694.jpg,val-label-img/12694_lab.png,12694,[1]
"{""1"": 12000000}",val-org-img/12695.jpg,val-label-img/12695_lab.png,12695,[1]
"{""0"": 10416, ""1"": 1915909, ""9"": 10073675}",val-org-img/12722.jpg,val-label-img/12722_lab.png,12722,"[1, 9]"
"{""0"": 6390106, ""2"": 291111, ""3"": 547827, ""4"": 1194789, ""6"": 64387, ""8"": 865683, ""9"": 2646097}",val-org-img/12727.jpg,val-label-img/12727_lab.png,12727,"[2, 3, 4, 6, 8, 9]"
"{""0"": 9358999, ""4"": 503334, ""6"": 35771, ""7"": 2101896}",val-org-img/12733.jpg,val-label-img/12733_lab.png,12733,"[4, 6, 7]"
"{""0"": 11566154, ""1"": 433846}",val-org-img/12741.jpg,val-label-img/12741_lab.png,12741,[1]
"{""1"": 12000000}",val-org-img/12746.jpg,val-label-img/12746_lab.png,12746,[1]
"{""9"": 12000000}",val-org-img/12800.jpg,val-label-img/12800_lab.png,12800,[9]
"{""0"": 1847600, ""9"": 10152400}",val-org-img/12806.jpg,val-label-img/12806_lab.png,12806,[9]
"{""0"": 7609963, ""2"": 1623380, ""3"": 343893, ""4"": 546208, ""6"": 132662, ""7"": 1743894}",val-org-img/12810.jpg,val-label-img/12810_lab.png,12810,"[2, 3, 4, 6, 7]"
"{""0"": 3533937, ""1"": 8466063}",val-org-img/12830.jpg,val-label-img/12830_lab.png,12830,[1]
"{""0"": 3173156, ""9"": 8826844}",val-org-img/12857.jpg,val-label-img/12857_lab.png,12857,[9]
"{""0"": 7117336, ""2"": 384928, ""9"": 4497736}",val-org-img/12887.jpg,val-label-img/12887_lab.png,12887,"[2, 9]"
"{""0"": 9752259, ""3"": 151660, ""4"": 291880, ""5"": 837749, ""8"": 966452}",val-org-img/12898.jpg,val-label-img/12898_lab.png,12898,"[3, 4, 5, 8]"
"{""0"": 12000000}",val-org-img/12915.jpg,val-label-img/12915_lab.png,12915,[]
"{""0"": 11029714, ""4"": 683788, ""5"": 286498}",val-org-img/12917.jpg,val-label-img/12917_lab.png,12917,"[4, 5]"
"{""0"": 9854232, ""2"": 18914, ""3"": 1117953, ""8"": 1008901}",val-org-img/12924.jpg,val-label-img/12924_lab.png,12924,"[2, 3, 8]"
"{""0"": 3977258, ""2"": 618202, ""3"": 850943, ""4"": 974879, ""7"": 1255454, ""9"": 4323264}",val-org-img/12931.jpg,val-label-img/12931_lab.png,12931,"[2, 3, 4, 7, 9]"
"{""0"": 2973321, ""2"": 1258244, ""3"": 306762, ""4"": 337404, ""6"": 188474, ""7"": 988709, ""9"": 5947086}",val-org-img/12932.jpg,val-label-img/12932_lab.png,12932,"[2, 3, 4, 6, 7, 9]"
"{""0"": 5162666, ""3"": 473039, ""4"": 3027912, ""6"": 217880, ""7"": 3118503}",val-org-img/12950.jpg,val-label-img/12950_lab.png,12950,"[3, 4, 6, 7]"
"{""0"": 9938580, ""3"": 1062879, ""8"": 998541}",val-org-img/12954.jpg,val-label-img/12954_lab.png,12954,"[3, 8]"
"{""0"": 8980971, ""3"": 284852, ""4"": 1770826, ""5"": 625110, ""8"": 338241}",val-org-img/12960.jpg,val-label-img/12960_lab.png,12960,"[3, 4, 5, 8]"
"{""0"": 10064210, ""3"": 1935790}",val-org-img/12961.jpg,val-label-img/12961_lab.png,12961,[3]
"{""0"": 12000000}",val-org-img/12974.jpg,val-label-img/12974_lab.png,12974,[]
"{""0"": 552874, ""7"": 476066, ""9"": 10971060}",val-org-img/12998.jpg,val-label-img/12998_lab.png,12998,"[7, 9]"
"{""0"": 7537303, ""2"": 680550, ""3"": 1343768, ""5"": 230931, ""6"": 130953, ""7"": 1855440, ""10"": 221055}",val-org-img/13013.jpg,val-label-img/13013_lab.png,13013,"[2, 3, 5, 6, 7, 10]"
"{""0"": 9021413, ""2"": 221485, ""3"": 48511, ""6"": 67973, ""7"": 2640618}",val-org-img/13027.jpg,val-label-img/13027_lab.png,13027,"[2, 3, 6, 7]"
"{""0"": 8400573, ""3"": 1288142, ""5"": 205485, ""7"": 2105800}",val-org-img/13031.jpg,val-label-img/13031_lab.png,13031,"[3, 5, 7]"
"{""9"": 12000000}",val-org-img/13040.jpg,val-label-img/13040_lab.png,13040,[9]
"{""0"": 7101880, ""1"": 3492766, ""6"": 31970, ""7"": 637350, ""9"": 736034}",val-org-img/13045.jpg,val-label-img/13045_lab.png,13045,"[1, 6, 7, 9]"
"{""0"": 5900449, ""1"": 1647446, ""4"": 206363, ""6"": 22518, ""7"": 4223224}",val-org-img/13048.jpg,val-label-img/13048_lab.png,13048,"[1, 4, 6, 7]"
"{""0"": 5501942, ""1"": 253420, ""2"": 36642, ""3"": 89996, ""4"": 846119, ""5"": 166195, ""6"": 54040, ""7"": 2648867, ""8"": 2402779}",val-org-img/13049.jpg,val-label-img/13049_lab.png,13049,"[1, 2, 3, 4, 5, 6, 7, 8]"
"{""0"": 6256691, ""1"": 1, ""2"": 272243, ""3"": 998235, ""4"": 301875, ""9"": 4047052, ""10"": 123903}",val-org-img/13082.jpg,val-label-img/13082_lab.png,13082,"[1, 2, 3, 4, 9, 10]"
"{""0"": 6443539, ""2"": 1414649, ""3"": 888522, ""5"": 195253, ""6"": 123774, ""7"": 2867466, ""10"": 66797}",val-org-img/13085.jpg,val-label-img/13085_lab.png,13085,"[2, 3, 5, 6, 7, 10]"
"{""0"": 5456227, ""1"": 1258644, ""3"": 510900, ""6"": 18456, ""7"": 491516, ""9"": 4264257}",val-org-img/13103.jpg,val-label-img/13103_lab.png,13103,"[1, 3, 6, 7, 9]"
"{""0"": 1524461, ""1"": 73550, ""2"": 159495, ""3"": 272104, ""6"": 20640, ""7"": 1360010, ""9"": 8589740}",val-org-img/13108.jpg,val-label-img/13108_lab.png,13108,"[1, 2, 3, 6, 7, 9]"
"{""0"": 5513650, ""2"": 1821166, ""3"": 638247, ""6"": 58570, ""7"": 1939562, ""9"": 2028805}",val-org-img/13128.jpg,val-label-img/13128_lab.png,13128,"[2, 3, 6, 7, 9]"
"{""0"": 1846067, ""1"": 5222142, ""9"": 4931791}",val-org-img/13155.jpg,val-label-img/13155_lab.png,13155,"[1, 9]"
"{""0"": 10580171, ""1"": 196782, ""4"": 82498, ""7"": 139502, ""9"": 1001047}",val-org-img/13158.jpg,val-label-img/13158_lab.png,13158,"[1, 4, 7, 9]"
"{""9"": 12000000}",val-org-img/13174.jpg,val-label-img/13174_lab.png,13174,[9]
"{""9"": 12000000}",val-org-img/13175.jpg,val-label-img/13175_lab.png,13175,[9]
"{""0"": 744796, ""9"": 11255204}",val-org-img/13180.jpg,val-label-img/13180_lab.png,13180,[9]
"{""0"": 4496624, ""2"": 417160, ""6"": 73299, ""7"": 800643, ""9"": 6212274}",val-org-img/13200.jpg,val-label-img/13200_lab.png,13200,"[2, 6, 7, 9]"
"{""0"": 2564030, ""3"": 434443, ""7"": 878796, ""9"": 8122731}",val-org-img/13210.jpg,val-label-img/13210_lab.png,13210,"[3, 7, 9]"
"{""0"": 3182335, ""2"": 480288, ""7"": 860074, ""9"": 7477303}",val-org-img/13211.jpg,val-label-img/13211_lab.png,13211,"[2, 7, 9]"
"{""0"": 1181853, ""2"": 648033, ""9"": 10170114}",val-org-img/13228.jpg,val-label-img/13228_lab.png,13228,"[2, 9]"
"{""0"": 4996909, ""1"": 7003091}",val-org-img/13251.jpg,val-label-img/13251_lab.png,13251,[1]
"{""0"": 6179221, ""1"": 5612546, ""4"": 208233}",val-org-img/13258.jpg,val-label-img/13258_lab.png,13258,"[1, 4]"
"{""0"": 3850183, ""1"": 8149817}",val-org-img/13261.jpg,val-label-img/13261_lab.png,13261,[1]
"{""0"": 5446001, ""1"": 6553999}",val-org-img/13262.jpg,val-label-img/13262_lab.png,13262,[1]
"{""0"": 6954958, ""1"": 3186501, ""4"": 1858541}",val-org-img/13264.jpg,val-label-img/13264_lab.png,13264,"[1, 4]"
"{""0"": 7363301, ""1"": 1676165, ""4"": 2908885, ""7"": 51649}",val-org-img/13265.jpg,val-label-img/13265_lab.png,13265,"[1, 4, 7]"
"{""0"": 8334205, ""1"": 665956, ""4"": 2440170, ""5"": 198370, ""7"": 361299}",val-org-img/13266.jpg,val-label-img/13266_lab.png,13266,"[1, 4, 5, 7]"
"{""0"": 11780283, ""7"": 219717}",val-org-img/13311.jpg,val-label-img/13311_lab.png,13311,[7]
"{""0"": 7471602, ""4"": 2570791, ""5"": 226703, ""7"": 1730904}",val-org-img/13316.jpg,val-label-img/13316_lab.png,13316,"[4, 5, 7]"
"{""0"": 10552584, ""1"": 1447416}",val-org-img/13321.jpg,val-label-img/13321_lab.png,13321,[1]
"{""0"": 8179738, ""1"": 3820262}",val-org-img/13323.jpg,val-label-img/13323_lab.png,13323,[1]
"{""0"": 1234716, ""1"": 10765284}",val-org-img/13328.jpg,val-label-img/13328_lab.png,13328,[1]
"{""0"": 1914867, ""1"": 10085133}",val-org-img/13329.jpg,val-label-img/13329_lab.png,13329,[1]
"{""0"": 4541195, ""1"": 7458805}",val-org-img/13331.jpg,val-label-img/13331_lab.png,13331,[1]
"{""0"": 7490739, ""1"": 4509261}",val-org-img/13333.jpg,val-label-img/13333_lab.png,13333,[1]
"{""0"": 11008350, ""3"": 458380, ""7"": 533270}",val-org-img/13338.jpg,val-label-img/13338_lab.png,13338,"[3, 7]"
"{""0"": 10339503, ""1"": 1660497}",val-org-img/13350.jpg,val-label-img/13350_lab.png,13350,[1]
"{""0"": 3837406, ""3"": 298074, ""5"": 210438, ""9"": 7654082}",val-org-img/13358.jpg,val-label-img/13358_lab.png,13358,"[3, 5, 9]"
"{""0"": 1677815, ""1"": 10322185}",val-org-img/13388.jpg,val-label-img/13388_lab.png,13388,[1]
"{""0"": 6928981, ""1"": 5071019}",val-org-img/13392.jpg,val-label-img/13392_lab.png,13392,[1]
"{""0"": 9340198, ""3"": 338640, ""4"": 883023, ""5"": 291041, ""7"": 1147098}",val-org-img/13401.jpg,val-label-img/13401_lab.png,13401,"[3, 4, 5, 7]"
"{""0"": 2735248, ""1"": 3568495, ""4"": 261704, ""7"": 956811, ""9"": 4477742}",val-org-img/13418.jpg,val-label-img/13418_lab.png,13418,"[1, 4, 7, 9]"
"{""0"": 1905553, ""1"": 2389238, ""2"": 200300, ""7"": 884309, ""9"": 6620600}",val-org-img/13423.jpg,val-label-img/13423_lab.png,13423,"[1, 2, 7, 9]"
"{""0"": 2304253, ""1"": 630355, ""2"": 242207, ""4"": 332670, ""7"": 1969665, ""9"": 6520850}",val-org-img/13427.jpg,val-label-img/13427_lab.png,13427,"[1, 2, 4, 7, 9]"
"{""0"": 2372672, ""1"": 1252610, ""2"": 212359, ""4"": 419578, ""7"": 1988945, ""9"": 5753836}",val-org-img/13429.jpg,val-label-img/13429_lab.png,13429,"[1, 2, 4, 7, 9]"
"{""0"": 3716734, ""1"": 2377867, ""4"": 729540, ""7"": 723715, ""9"": 4452144}",val-org-img/13432.jpg,val-label-img/13432_lab.png,13432,"[1, 4, 7, 9]"
"{""0"": 3007450, ""1"": 4360810, ""3"": 260042, ""7"": 365981, ""9"": 4005717}",val-org-img/13439.jpg,val-label-img/13439_lab.png,13439,"[1, 3, 7, 9]"
"{""0"": 8022781, ""2"": 1355659, ""3"": 75752, ""5"": 353713, ""6"": 69002, ""7"": 2123093}",val-org-img/13447.jpg,val-label-img/13447_lab.png,13447,"[2, 3, 5, 6, 7]"
"{""0"": 10060179, ""2"": 239379, ""5"": 1446411, ""7"": 254031}",val-org-img/13450.jpg,val-label-img/13450_lab.png,13450,"[2, 5, 7]"
"{""0"": 11909363, ""1"": 90637}",val-org-img/13452.jpg,val-label-img/13452_lab.png,13452,[1]
"{""0"": 8639966, ""1"": 3360034}",val-org-img/13456.jpg,val-label-img/13456_lab.png,13456,[1]
"{""0"": 1459161, ""1"": 10540839}",val-org-img/13464.jpg,val-label-img/13464_lab.png,13464,[1]
"{""0"": 2558008, ""1"": 9441992}",val-org-img/13465.jpg,val-label-img/13465_lab.png,13465,[1]
"{""0"": 7944764, ""1"": 4055236}",val-org-img/13469.jpg,val-label-img/13469_lab.png,13469,[1]
"{""0"": 5193694, ""2"": 592041, ""3"": 768488, ""4"": 479296, ""6"": 45277, ""7"": 1519482, ""9"": 3401722}",val-org-img/13497.jpg,val-label-img/13497_lab.png,13497,"[2, 3, 4, 6, 7, 9]"
"{""0"": 8249897, ""2"": 1234584, ""3"": 477652, ""7"": 1903690, ""8"": 134177}",val-org-img/13513.jpg,val-label-img/13513_lab.png,13513,"[2, 3, 7, 8]"
"{""0"": 4051798, ""3"": 1648461, ""4"": 353742, ""7"": 51038, ""9"": 5835127, ""10"": 59834}",val-org-img/13520.jpg,val-label-img/13520_lab.png,13520,"[3, 4, 7, 9, 10]"
"{""0"": 5622809, ""3"": 812496, ""4"": 245654, ""7"": 414171, ""8"": 666095, ""9"": 4238775}",val-org-img/13525.jpg,val-label-img/13525_lab.png,13525,"[3, 4, 7, 8, 9]"
"{""0"": 9930456, ""1"": 1881761, ""2"": 187783}",val-org-img/13563.jpg,val-label-img/13563_lab.png,13563,"[1, 2]"
"{""0"": 10354941, ""1"": 830937, ""2"": 814122}",val-org-img/13564.jpg,val-label-img/13564_lab.png,13564,"[1, 2]"
"{""0"": 10722725, ""2"": 609358, ""3"": 667917}",val-org-img/13566.jpg,val-label-img/13566_lab.png,13566,"[2, 3]"
"{""0"": 2320443, ""1"": 1817127, ""3"": 666235, ""7"": 1273728, ""9"": 5861412, ""10"": 61055}",val-org-img/13629.jpg,val-label-img/13629_lab.png,13629,"[1, 3, 7, 9, 10]"
"{""0"": 6838736, ""2"": 175371, ""3"": 955370, ""4"": 269580, ""7"": 1094322, ""9"": 2666621}",val-org-img/13645.jpg,val-label-img/13645_lab.png,13645,"[2, 3, 4, 7, 9]"
"{""0"": 7599304, ""2"": 311509, ""3"": 1789212, ""6"": 189717, ""7"": 1286316, ""8"": 823942}",val-org-img/13655.jpg,val-label-img/13655_lab.png,13655,"[2, 3, 6, 7, 8]"
"{""0"": 8020621, ""3"": 3171777, ""4"": 519253, ""5"": 153206, ""10"": 135143}",val-org-img/13666.jpg,val-label-img/13666_lab.png,13666,"[3, 4, 5, 10]"
"{""0"": 11159875, ""1"": 840125}",val-org-img/13670.jpg,val-label-img/13670_lab.png,13670,[1]
"{""0"": 6369492, ""1"": 5630508}",val-org-img/13674.jpg,val-label-img/13674_lab.png,13674,[1]
"{""0"": 8711341, ""1"": 3225558, ""5"": 63101}",val-org-img/13682.jpg,val-label-img/13682_lab.png,13682,"[1, 5]"
"{""0"": 9816547, ""1"": 2159314, ""5"": 24139}",val-org-img/13683.jpg,val-label-img/13683_lab.png,13683,"[1, 5]"
"{""0"": 6592992, ""3"": 3561183, ""4"": 632565, ""5"": 325959, ""6"": 18530, ""7"": 167741, ""8"": 548132, ""10"": 152898}",val-org-img/13691.jpg,val-label-img/13691_lab.png,13691,"[3, 4, 5, 6, 7, 8, 10]"
"{""0"": 8455724, ""2"": 844775, ""3"": 1444714, ""6"": 28473, ""7"": 1226314}",val-org-img/13703.jpg,val-label-img/13703_lab.png,13703,"[2, 3, 6, 7]"
"{""0"": 6770667, ""3"": 1164369, ""7"": 938595, ""8"": 437599, ""9"": 2676526, ""10"": 12244}",val-org-img/13706.jpg,val-label-img/13706_lab.png,13706,"[3, 7, 8, 9, 10]"
"{""0"": 9041895, ""2"": 842927, ""6"": 16714, ""7"": 2098464}",val-org-img/13737.jpg,val-label-img/13737_lab.png,13737,"[2, 6, 7]"
"{""0"": 9367222, ""1"": 456141, ""2"": 637217, ""3"": 768931, ""4"": 236881, ""5"": 166651, ""7"": 265862, ""10"": 101095}",val-org-img/13743.jpg,val-label-img/13743_lab.png,13743,"[1, 2, 3, 4, 5, 7, 10]"
"{""0"": 4787911, ""1"": 998914, ""3"": 4925463, ""7"": 1287712}",val-org-img/13775.jpg,val-label-img/13775_lab.png,13775,"[1, 3, 7]"
"{""0"": 7775585, ""2"": 880336, ""3"": 448580, ""6"": 48410, ""7"": 1558050, ""9"": 1289039}",val-org-img/13812.jpg,val-label-img/13812_lab.png,13812,"[2, 3, 6, 7, 9]"
"{""0"": 10521961, ""2"": 377408, ""3"": 368115, ""4"": 53871, ""5"": 678645}",val-org-img/13868.jpg,val-label-img/13868_lab.png,13868,"[2, 3, 4, 5]"
"{""0"": 6931218, ""1"": 5068782}",val-org-img/13879.jpg,val-label-img/13879_lab.png,13879,[1]
"{""0"": 9670603, ""3"": 609108, ""6"": 56120, ""7"": 1664169}",val-org-img/13956.jpg,val-label-img/13956_lab.png,13956,"[3, 6, 7]"
"{""0"": 8587496, ""2"": 399669, ""3"": 427815, ""4"": 313768, ""5"": 265400, ""7"": 2005852}",val-org-img/13992.jpg,val-label-img/13992_lab.png,13992,"[2, 3, 4, 5, 7]"
"{""0"": 8934497, ""7"": 192736, ""9"": 2872767}",val-org-img/13999.jpg,val-label-img/13999_lab.png,13999,"[7, 9]"
"{""0"": 7943277, ""2"": 1812081, ""4"": 699752, ""7"": 1544890}",val-org-img/14027.jpg,val-label-img/14027_lab.png,14027,"[2, 4, 7]"
"{""0"": 7553399, ""2"": 402883, ""3"": 434610, ""4"": 362399, ""7"": 1236780, ""9"": 2009929}",val-org-img/14031.jpg,val-label-img/14031_lab.png,14031,"[2, 3, 4, 7, 9]"
"{""0"": 9180951, ""3"": 639660, ""6"": 164511, ""7"": 2014878}",val-org-img/14035.jpg,val-label-img/14035_lab.png,14035,"[3, 6, 7]"
"{""0"": 10025114, ""6"": 184865, ""7"": 1790021}",val-org-img/14037.jpg,val-label-img/14037_lab.png,14037,"[6, 7]"
"{""0"": 9795665, ""1"": 2204335}",val-org-img/14043.jpg,val-label-img/14043_lab.png,14043,[1]
"{""0"": 9794528, ""1"": 1385221, ""2"": 697775, ""6"": 17187, ""7"": 105289}",val-org-img/14061.jpg,val-label-img/14061_lab.png,14061,"[1, 2, 6, 7]"
"{""0"": 6145973, ""7"": 1341001, ""9"": 4513026}",val-org-img/14071.jpg,val-label-img/14071_lab.png,14071,"[7, 9]"
"{""0"": 9811205, ""1"": 235923, ""2"": 556516, ""6"": 453732, ""7"": 942624}",val-org-img/14078.jpg,val-label-img/14078_lab.png,14078,"[1, 2, 6, 7]"
"{""0"": 7331846, ""2"": 1265973, ""6"": 322084, ""7"": 1219926, ""9"": 1860171}",val-org-img/14092.jpg,val-label-img/14092_lab.png,14092,"[2, 6, 7, 9]"
"{""0"": 7537053, ""2"": 369063, ""6"": 172742, ""7"": 2002380, ""9"": 1918762}",val-org-img/14093.jpg,val-label-img/14093_lab.png,14093,"[2, 6, 7, 9]"
"{""0"": 9821394, ""2"": 123411, ""3"": 452277, ""7"": 1602918}",val-org-img/14105.jpg,val-label-img/14105_lab.png,14105,"[2, 3, 7]"
"{""0"": 9567712, ""2"": 211447, ""3"": 429371, ""7"": 1791470}",val-org-img/14106.jpg,val-label-img/14106_lab.png,14106,"[2, 3, 7]"
"{""0"": 8060104, ""2"": 2200877, ""3"": 83277, ""6"": 22870, ""7"": 1632872}",val-org-img/14109.jpg,val-label-img/14109_lab.png,14109,"[2, 3, 6, 7]"
"{""0"": 5487908, ""2"": 1287028, ""6"": 190641, ""7"": 1988128, ""9"": 3046295}",val-org-img/14173.jpg,val-label-img/14173_lab.png,14173,"[2, 6, 7, 9]"
"{""0"": 10459590, ""1"": 778358, ""3"": 433390, ""7"": 328662}",val-org-img/14208.jpg,val-label-img/14208_lab.png,14208,"[1, 3, 7]"
"{""0"": 9380474, ""1"": 2364787, ""2"": 143479, ""6"": 111260}",val-org-img/14213.jpg,val-label-img/14213_lab.png,14213,"[1, 2, 6]"
"{""0"": 5618227, ""1"": 6381773}",val-org-img/14225.jpg,val-label-img/14225_lab.png,14225,[1]
"{""0"": 9926316, ""5"": 1703266, ""7"": 370418}",val-org-img/14228.jpg,val-label-img/14228_lab.png,14228,"[5, 7]"
"{""0"": 11398939, ""1"": 442519, ""6"": 158542}",val-org-img/14237.jpg,val-label-img/14237_lab.png,14237,"[1, 6]"
"{""0"": 8267191, ""1"": 3598090, ""6"": 134719}",val-org-img/14238.jpg,val-label-img/14238_lab.png,14238,"[1, 6]"
"{""0"": 4846477, ""1"": 393449, ""2"": 2246908, ""3"": 232433, ""6"": 22117, ""7"": 2586390, ""9"": 1672226}",val-org-img/14248.jpg,val-label-img/14248_lab.png,14248,"[1, 2, 3, 6, 7, 9]"
"{""0"": 5282789, ""1"": 3616418, ""9"": 3100793}",val-org-img/14269.jpg,val-label-img/14269_lab.png,14269,"[1, 9]"
"{""0"": 5873463, ""2"": 728483, ""4"": 424244, ""6"": 66943, ""7"": 1377485, ""9"": 3529382}",val-org-img/14273.jpg,val-label-img/14273_lab.png,14273,"[2, 4, 6, 7, 9]"
"{""0"": 4325945, ""1"": 4607540, ""2"": 582182, ""6"": 20723, ""7"": 1464224, ""9"": 999386}",val-org-img/14292.jpg,val-label-img/14292_lab.png,14292,"[1, 2, 6, 7, 9]"
"{""0"": 2607704, ""2"": 1453451, ""7"": 1504470, ""9"": 6434375}",val-org-img/14297.jpg,val-label-img/14297_lab.png,14297,"[2, 7, 9]"
"{""0"": 9260121, ""2"": 436104, ""7"": 2303775}",val-org-img/14305.jpg,val-label-img/14305_lab.png,14305,"[2, 7]"
"{""0"": 8659643, ""2"": 1157639, ""7"": 2182718}",val-org-img/14306.jpg,val-label-img/14306_lab.png,14306,"[2, 7]"
"{""0"": 8154529, ""2"": 1706183, ""3"": 113547, ""6"": 34855, ""7"": 1990886}",val-org-img/14309.jpg,val-label-img/14309_lab.png,14309,"[2, 3, 6, 7]"
"{""0"": 7810527, ""2"": 2152598, ""6"": 34992, ""7"": 2001883}",val-org-img/14310.jpg,val-label-img/14310_lab.png,14310,"[2, 6, 7]"
"{""0"": 5391743, ""1"": 48165, ""2"": 1814271, ""3"": 39160, ""7"": 1589092, ""9"": 3117569}",val-org-img/14311.jpg,val-label-img/14311_lab.png,14311,"[1, 2, 3, 7, 9]"
"{""0"": 2108785, ""1"": 495473, ""2"": 542097, ""3"": 833048, ""7"": 1588104, ""9"": 6432493}",val-org-img/14313.jpg,val-label-img/14313_lab.png,14313,"[1, 2, 3, 7, 9]"
"{""0"": 3075598, ""1"": 660677, ""2"": 718539, ""3"": 979903, ""7"": 1573455, ""9"": 4991828}",val-org-img/14314.jpg,val-label-img/14314_lab.png,14314,"[1, 2, 3, 7, 9]"
"{""0"": 1486212, ""1"": 1399248, ""4"": 389145, ""7"": 1348963, ""9"": 7376432}",val-org-img/14318.jpg,val-label-img/14318_lab.png,14318,"[1, 4, 7, 9]"
"{""0"": 5859006, ""1"": 6140994}",val-org-img/14320.jpg,val-label-img/14320_lab.png,14320,[1]
"{""0"": 7822784, ""1"": 1360633, ""5"": 271953, ""9"": 2544630}",val-org-img/14325.jpg,val-label-img/14325_lab.png,14325,"[1, 5, 9]"
"{""0"": 11343352, ""9"": 656648}",val-org-img/14342.jpg,val-label-img/14342_lab.png,14342,[9]
"{""0"": 11439080, ""5"": 246803, ""9"": 314117}",val-org-img/14344.jpg,val-label-img/14344_lab.png,14344,"[5, 9]"
"{""0"": 3144881, ""3"": 680015, ""4"": 307723, ""6"": 46881, ""7"": 1248648, ""9"": 6902092}",val-org-img/14373.jpg,val-label-img/14373_lab.png,14373,"[3, 4, 6, 7, 9]"
"{""0"": 8034009, ""2"": 485620, ""3"": 589851, ""4"": 1515428, ""6"": 30927, ""7"": 1636640, ""10"": 37765}",val-org-img/14419.jpg,val-label-img/14419_lab.png,14419,"[2, 3, 4, 6, 7, 10]"
"{""0"": 10744144, ""1"": 1255856}",val-org-img/14428.jpg,val-label-img/14428_lab.png,14428,[1]
"{""0"": 8514249, ""3"": 1080367, ""6"": 95037, ""7"": 2310347}",val-org-img/14432.jpg,val-label-img/14432_lab.png,14432,"[3, 6, 7]"
"{""0"": 6460385, ""2"": 2320644, ""3"": 392158, ""6"": 119815, ""7"": 2076420, ""8"": 630578}",val-org-img/14540.jpg,val-label-img/14540_lab.png,14540,"[2, 3, 6, 7, 8]"
"{""0"": 9146791, ""2"": 1032229, ""3"": 664534, ""7"": 1156446}",val-org-img/14552.jpg,val-label-img/14552_lab.png,14552,"[2, 3, 7]"
"{""0"": 9260673, ""1"": 1540924, ""7"": 1198403}",val-org-img/14587.jpg,val-label-img/14587_lab.png,14587,"[1, 7]"
"{""0"": 9902596, ""2"": 523975, ""5"": 414230, ""6"": 134082, ""7"": 1025117}",val-org-img/14596.jpg,val-label-img/14596_lab.png,14596,"[2, 5, 6, 7]"
"{""0"": 8794592, ""4"": 116002, ""5"": 874025, ""6"": 103691, ""7"": 2111690}",val-org-img/14696.jpg,val-label-img/14696_lab.png,14696,"[4, 5, 6, 7]"
"{""9"": 12000000}",val-org-img/14705.jpg,val-label-img/14705_lab.png,14705,[9]
"{""0"": 967310, ""2"": 208637, ""6"": 22035, ""7"": 134565, ""9"": 10667453}",val-org-img/14716.jpg,val-label-img/14716_lab.png,14716,"[2, 6, 7, 9]"
"{""0"": 7917852, ""3"": 596574, ""5"": 1509901, ""7"": 1690367, ""9"": 285306}",val-org-img/14744.jpg,val-label-img/14744_lab.png,14744,"[3, 5, 7, 9]"
"{""0"": 6019078, ""1"": 157822, ""8"": 1112904, ""9"": 4710196}",val-org-img/14750.jpg,val-label-img/14750_lab.png,14750,"[1, 8, 9]"
"{""0"": 4329952, ""2"": 560831, ""6"": 238298, ""7"": 909063, ""9"": 5961856}",val-org-img/14758.jpg,val-label-img/14758_lab.png,14758,"[2, 6, 7, 9]"
"{""0"": 4121517, ""1"": 591270, ""2"": 580648, ""4"": 666715, ""6"": 108861, ""7"": 755535, ""9"": 5175454}",val-org-img/14761.jpg,val-label-img/14761_lab.png,14761,"[1, 2, 4, 6, 7, 9]"
"{""0"": 2406870, ""1"": 745614, ""4"": 698815, ""7"": 280332, ""9"": 7868369}",val-org-img/14763.jpg,val-label-img/14763_lab.png,14763,"[1, 4, 7, 9]"
"{""0"": 1388975, ""1"": 8866, ""4"": 573678, ""7"": 303817, ""9"": 9724664}",val-org-img/14768.jpg,val-label-img/14768_lab.png,14768,"[1, 4, 7, 9]"
"{""0"": 2760928, ""2"": 848562, ""6"": 263617, ""7"": 749832, ""9"": 7377061}",val-org-img/14773.jpg,val-label-img/14773_lab.png,14773,"[2, 6, 7, 9]"
"{""0"": 5327776, ""3"": 1108274, ""4"": 250445, ""7"": 973651, ""9"": 4339854}",val-org-img/14777.jpg,val-label-img/14777_lab.png,14777,"[3, 4, 7, 9]"
"{""0"": 4690697, ""5"": 346692, ""7"": 1001777, ""9"": 5960834}",val-org-img/14802.jpg,val-label-img/14802_lab.png,14802,"[5, 7, 9]"
"{""0"": 3027917, ""2"": 163112, ""4"": 1008095, ""6"": 88185, ""7"": 1617398, ""9"": 6095293}",val-org-img/14811.jpg,val-label-img/14811_lab.png,14811,"[2, 4, 6, 7, 9]"
"{""0"": 3768617, ""2"": 142847, ""4"": 383584, ""7"": 1011739, ""9"": 6693213}",val-org-img/14824.jpg,val-label-img/14824_lab.png,14824,"[2, 4, 7, 9]"
"{""0"": 6135993, ""3"": 386028, ""5"": 660319, ""7"": 866676, ""9"": 3950984}",val-org-img/14829.jpg,val-label-img/14829_lab.png,14829,"[3, 5, 7, 9]"
"{""0"": 8400398, ""1"": 52580, ""3"": 515053, ""5"": 501769, ""6"": 98540, ""7"": 2431660}",val-org-img/14846.jpg,val-label-img/14846_lab.png,14846,"[1, 3, 5, 6, 7]"
"{""0"": 9123706, ""1"": 151832, ""2"": 761060, ""3"": 775422, ""6"": 130502, ""7"": 1057478}",val-org-img/14849.jpg,val-label-img/14849_lab.png,14849,"[1, 2, 3, 6, 7]"
"{""0"": 5976100, ""1"": 100128, ""2"": 95060, ""3"": 251661, ""5"": 300865, ""6"": 76206, ""7"": 984587, ""9"": 4215393}",val-org-img/14852.jpg,val-label-img/14852_lab.png,14852,"[1, 2, 3, 5, 6, 7, 9]"
"{""0"": 3862002, ""1"": 1127748, ""3"": 339174, ""7"": 1118307, ""9"": 5552769}",val-org-img/14863.jpg,val-label-img/14863_lab.png,14863,"[1, 3, 7, 9]"
"{""0"": 10591674, ""4"": 332654, ""7"": 1075672}",val-org-img/14873.jpg,val-label-img/14873_lab.png,14873,"[4, 7]"
"{""0"": 10460567, ""3"": 464144, ""7"": 1075289}",val-org-img/14876.jpg,val-label-img/14876_lab.png,14876,"[3, 7]"
"{""0"": 9933176, ""1"": 129342, ""2"": 116068, ""3"": 489992, ""5"": 255744, ""7"": 1075678}",val-org-img/14877.jpg,val-label-img/14877_lab.png,14877,"[1, 2, 3, 5, 7]"
"{""0"": 9392785, ""1"": 478236, ""2"": 388190, ""3"": 507976, ""5"": 158452, ""6"": 104982, ""7"": 969379}",val-org-img/14881.jpg,val-label-img/14881_lab.png,14881,"[1, 2, 3, 5, 6, 7]"
"{""0"": 6576116, ""4"": 3581114, ""6"": 98592, ""7"": 1399201, ""10"": 344977}",val-org-img/14900.jpg,val-label-img/14900_lab.png,14900,"[4, 6, 7, 10]"
"{""0"": 2586466, ""1"": 1305114, ""9"": 8108420}",val-org-img/14919.jpg,val-label-img/14919_lab.png,14919,"[1, 9]"
"{""0"": 6739349, ""2"": 1134041, ""8"": 4126610}",val-org-img/14926.jpg,val-label-img/14926_lab.png,14926,"[2, 8]"
"{""0"": 6822080, ""2"": 170170, ""3"": 3276795, ""5"": 123433, ""6"": 241223, ""7"": 1366299}",val-org-img/14935.jpg,val-label-img/14935_lab.png,14935,"[2, 3, 5, 6, 7]"
"{""0"": 9172885, ""4"": 1061635, ""6"": 234908, ""7"": 1530572}",val-org-img/14945.jpg,val-label-img/14945_lab.png,14945,"[4, 6, 7]"
"{""0"": 12000000}",val-org-img/14996.jpg,val-label-img/14996_lab.png,14996,[]
"{""0"": 10252407, ""7"": 1747593}",val-org-img/14997.jpg,val-label-img/14997_lab.png,14997,[7]
"{""0"": 1836716, ""3"": 270972, ""7"": 1360352, ""9"": 8531960}",val-org-img/15022.jpg,val-label-img/15022_lab.png,15022,"[3, 7, 9]"
"{""0"": 7350649, ""2"": 853460, ""4"": 1034521, ""6"": 38218, ""7"": 1090164, ""9"": 1632988}",val-org-img/15032.jpg,val-label-img/15032_lab.png,15032,"[2, 4, 6, 7, 9]"
"{""0"": 10108528, ""5"": 499992, ""6"": 285008, ""7"": 1106472}",val-org-img/15056.jpg,val-label-img/15056_lab.png,15056,"[5, 6, 7]"
"{""0"": 6476195, ""2"": 829955, ""3"": 829715, ""4"": 553816, ""6"": 89183, ""7"": 1019491, ""8"": 382768, ""9"": 2112669, ""10"": 36448}",val-org-img/15076.jpg,val-label-img/15076_lab.png,15076,"[2, 3, 4, 6, 7, 8, 9, 10]"
"{""0"": 5466284, ""3"": 28216, ""7"": 2379228, ""9"": 4456512}",val-org-img/15083.jpg,val-label-img/15083_lab.png,15083,"[3, 7, 9]"
"{""0"": 3648658, ""3"": 518766, ""6"": 46624, ""7"": 1962981, ""9"": 6153211}",val-org-img/15087.jpg,val-label-img/15087_lab.png,15087,"[3, 6, 7, 9]"
"{""0"": 3053797, ""3"": 134867, ""6"": 10107, ""7"": 1579110, ""9"": 7552359}",val-org-img/15088.jpg,val-label-img/15088_lab.png,15088,"[3, 6, 7, 9]"
"{""0"": 6803280, ""1"": 938302, ""2"": 301578, ""3"": 379342, ""7"": 627886, ""9"": 3279852}",val-org-img/15097.jpg,val-label-img/15097_lab.png,15097,"[1, 2, 3, 7, 9]"
"{""0"": 1762096, ""6"": 23887, ""7"": 1185688, ""9"": 9358569}",val-org-img/15103.jpg,val-label-img/15103_lab.png,15103,"[6, 7, 9]"
"{""0"": 7047578, ""2"": 346547, ""6"": 35180, ""8"": 4900935}",val-org-img/15118.jpg,val-label-img/15118_lab.png,15118,"[2, 6, 8]"
"{""0"": 5179486, ""6"": 21194, ""7"": 1720444, ""9"": 5409116}",val-org-img/15130.jpg,val-label-img/15130_lab.png,15130,"[6, 7, 9]"
"{""0"": 6082415, ""2"": 1098214, ""6"": 41347, ""7"": 2757783, ""9"": 2350481}",val-org-img/15133.jpg,val-label-img/15133_lab.png,15133,"[2, 6, 7, 9]"
"{""0"": 490558, ""1"": 185901, ""2"": 49565, ""3"": 89531, ""9"": 11514685}",val-org-img/15142.jpg,val-label-img/15142_lab.png,15142,"[1, 2, 3, 9]"
"{""9"": 12330240}",val-org-img/15155.jpg,val-label-img/15155_lab.png,15155,[9]
"{""0"": 48738, ""9"": 12281502}",val-org-img/15157.jpg,val-label-img/15157_lab.png,15157,[9]
"{""9"": 12330240}",val-org-img/15174.jpg,val-label-img/15174_lab.png,15174,[9]
"{""0"": 5555746, ""1"": 1007811, ""4"": 212362, ""6"": 49066, ""7"": 2103565, ""9"": 3401690}",val-org-img/15182.jpg,val-label-img/15182_lab.png,15182,"[1, 4, 6, 7, 9]"
"{""0"": 4682200, ""4"": 488362, ""6"": 177616, ""7"": 2603408, ""9"": 4378654}",val-org-img/15184.jpg,val-label-img/15184_lab.png,15184,"[4, 6, 7, 9]"
"{""0"": 4860344, ""1"": 164798, ""3"": 284403, ""4"": 736902, ""6"": 159590, ""7"": 1810602, ""9"": 4313601}",val-org-img/15185.jpg,val-label-img/15185_lab.png,15185,"[1, 3, 4, 6, 7, 9]"
"{""9"": 12330240}",val-org-img/15195.jpg,val-label-img/15195_lab.png,15195,[9]
"{""0"": 323103, ""2"": 56700, ""9"": 11950437}",val-org-img/15214.jpg,val-label-img/15214_lab.png,15214,"[2, 9]"
"{""0"": 3032409, ""2"": 455175, ""3"": 110304, ""4"": 386517, ""6"": 172962, ""7"": 1126443, ""9"": 7046430}",val-org-img/15223.jpg,val-label-img/15223_lab.png,15223,"[2, 3, 4, 6, 7, 9]"
"{""0"": 2256579, ""2"": 506922, ""7"": 267423, ""9"": 8810143, ""10"": 158933}",val-org-img/15271.jpg,val-label-img/15271_lab.png,15271,"[2, 7, 9, 10]"
"{""0"": 2555688, ""1"": 284914, ""2"": 52225, ""4"": 821683, ""9"": 8285490}",val-org-img/15275.jpg,val-label-img/15275_lab.png,15275,"[1, 2, 4, 9]"
"{""0"": 1437616, ""9"": 10562384}",val-org-img/15302.jpg,val-label-img/15302_lab.png,15302,[9]
"{""0"": 2827783, ""9"": 9172217}",val-org-img/15338.jpg,val-label-img/15338_lab.png,15338,[9]
"{""0"": 4504125, ""2"": 961304, ""6"": 58190, ""7"": 2426221, ""9"": 4050160}",val-org-img/15346.jpg,val-label-img/15346_lab.png,15346,"[2, 6, 7, 9]"
"{""0"": 2096723, ""6"": 27510, ""7"": 1259460, ""9"": 8616307}",val-org-img/15355.jpg,val-label-img/15355_lab.png,15355,"[6, 7, 9]"
"{""0"": 7140442, ""2"": 1249949, ""7"": 2235379, ""9"": 1374230}",val-org-img/15360.jpg,val-label-img/15360_lab.png,15360,"[2, 7, 9]"
"{""0"": 5481791, ""2"": 2001765, ""6"": 242677, ""7"": 3868144, ""9"": 405623}",val-org-img/15364.jpg,val-label-img/15364_lab.png,15364,"[2, 6, 7, 9]"
"{""0"": 7362129, ""2"": 1174152, ""6"": 182230, ""7"": 2025999, ""9"": 1255490}",val-org-img/15367.jpg,val-label-img/15367_lab.png,15367,"[2, 6, 7, 9]"
"{""0"": 7409979, ""2"": 570776, ""3"": 550029, ""9"": 3469216}",val-org-img/15369.jpg,val-label-img/15369_lab.png,15369,"[2, 3, 9]"
"{""0"": 8653245, ""2"": 778709, ""6"": 23056, ""7"": 1251502, ""9"": 1293488}",val-org-img/15383.jpg,val-label-img/15383_lab.png,15383,"[2, 6, 7, 9]"
"{""0"": 6234619, ""2"": 1197292, ""6"": 239716, ""7"": 4328373}",val-org-img/15386.jpg,val-label-img/15386_lab.png,15386,"[2, 6, 7]"
"{""0"": 7136419, ""2"": 727735, ""6"": 337313, ""7"": 3798533}",val-org-img/15388.jpg,val-label-img/15388_lab.png,15388,"[2, 6, 7]"
"{""0"": 1073190, ""6"": 164667, ""7"": 1103532, ""9"": 9658611}",val-org-img/15398.jpg,val-label-img/15398_lab.png,15398,"[6, 7, 9]"
"{""0"": 8687276, ""2"": 1476296, ""6"": 319710, ""7"": 1516718}",val-org-img/15409.jpg,val-label-img/15409_lab.png,15409,"[2, 6, 7]"
"{""0"": 8365727, ""2"": 1152738, ""6"": 418219, ""7"": 2063316}",val-org-img/15410.jpg,val-label-img/15410_lab.png,15410,"[2, 6, 7]"
"{""0"": 7878694, ""2"": 1725299, ""6"": 396290, ""7"": 1999717}",val-org-img/15411.jpg,val-label-img/15411_lab.png,15411,"[2, 6, 7]"
"{""0"": 8918241, ""6"": 16958, ""7"": 389327, ""9"": 2675474}",val-org-img/15417.jpg,val-label-img/15417_lab.png,15417,"[6, 7, 9]"
"{""0"": 4354874, ""2"": 1156093, ""7"": 822674, ""9"": 5666359}",val-org-img/15426.jpg,val-label-img/15426_lab.png,15426,"[2, 7, 9]"
"{""0"": 9411371, ""2"": 964059, ""6"": 22350, ""7"": 1306893, ""9"": 295327}",val-org-img/15434.jpg,val-label-img/15434_lab.png,15434,"[2, 6, 7, 9]"
"{""0"": 3090861, ""6"": 38751, ""7"": 1973795, ""9"": 6896593}",val-org-img/15450.jpg,val-label-img/15450_lab.png,15450,"[6, 7, 9]"
"{""0"": 8318102, ""2"": 1450802, ""6"": 355349, ""7"": 1755155, ""9"": 120592}",val-org-img/15461.jpg,val-label-img/15461_lab.png,15461,"[2, 6, 7, 9]"
"{""0"": 10976729, ""6"": 262839, ""7"": 760432}",val-org-img/15465.jpg,val-label-img/15465_lab.png,15465,"[6, 7]"
"{""0"": 4061934, ""2"": 861353, ""7"": 1056719, ""9"": 6019994}",val-org-img/15475.jpg,val-label-img/15475_lab.png,15475,"[2, 7, 9]"
"{""0"": 7475263, ""1"": 71182, ""2"": 857892, ""6"": 179255, ""7"": 1534134, ""9"": 1882274}",val-org-img/15486.jpg,val-label-img/15486_lab.png,15486,"[1, 2, 6, 7, 9]"
"{""0"": 3310380, ""6"": 39000, ""7"": 2197081, ""9"": 6453539}",val-org-img/15500.jpg,val-label-img/15500_lab.png,15500,"[6, 7, 9]"
"{""0"": 4786229, ""2"": 183956, ""4"": 611013, ""6"": 23491, ""7"": 2901436, ""9"": 3493875}",val-org-img/15501.jpg,val-label-img/15501_lab.png,15501,"[2, 4, 6, 7, 9]"
"{""0"": 10360475, ""1"": 393291, ""2"": 327774, ""7"": 918460}",val-org-img/15534.jpg,val-label-img/15534_lab.png,15534,"[1, 2, 7]"
"{""0"": 6511791, ""2"": 985514, ""3"": 501183, ""7"": 2144608, ""9"": 1856904}",val-org-img/15556.jpg,val-label-img/15556_lab.png,15556,"[2, 3, 7, 9]"
"{""0"": 8382750, ""1"": 3617250}",val-org-img/15565.jpg,val-label-img/15565_lab.png,15565,[1]
"{""0"": 8513371, ""2"": 402149, ""3"": 1240453, ""5"": 423061, ""6"": 97680, ""7"": 1323286}",val-org-img/15574.jpg,val-label-img/15574_lab.png,15574,"[2, 3, 5, 6, 7]"
"{""0"": 10497207, ""3"": 350117, ""7"": 1152676}",val-org-img/15580.jpg,val-label-img/15580_lab.png,15580,"[3, 7]"
"{""0"": 9974644, ""2"": 458137, ""6"": 186614, ""7"": 1380605}",val-org-img/15586.jpg,val-label-img/15586_lab.png,15586,"[2, 6, 7]"
"{""0"": 5593602, ""3"": 4902333, ""6"": 87033, ""7"": 1248194, ""10"": 168838}",val-org-img/15593.jpg,val-label-img/15593_lab.png,15593,"[3, 6, 7, 10]"
"{""0"": 10942941, ""6"": 157972, ""7"": 895504, ""9"": 3583}",val-org-img/15610.jpg,val-label-img/15610_lab.png,15610,"[6, 7, 9]"
"{""0"": 9028897, ""3"": 493416, ""4"": 1315379, ""5"": 1162308}",val-org-img/15628.jpg,val-label-img/15628_lab.png,15628,"[3, 4, 5]"
"{""9"": 12000000}",val-org-img/15669.jpg,val-label-img/15669_lab.png,15669,[9]
"{""0"": 3298685, ""3"": 285343, ""4"": 196279, ""9"": 8219693}",val-org-img/15676.jpg,val-label-img/15676_lab.png,15676,"[3, 4, 9]"
"{""0"": 3336795, ""3"": 563355, ""4"": 478334, ""9"": 7621516}",val-org-img/15679.jpg,val-label-img/15679_lab.png,15679,"[3, 4, 9]"
"{""0"": 10451557, ""1"": 622254, ""3"": 726451, ""9"": 199738}",val-org-img/15699.jpg,val-label-img/15699_lab.png,15699,"[1, 3, 9]"
"{""0"": 1085981, ""9"": 10914019}",val-org-img/15703.jpg,val-label-img/15703_lab.png,15703,[9]
"{""0"": 400374, ""9"": 11599626}",val-org-img/15704.jpg,val-label-img/15704_lab.png,15704,[9]
"{""9"": 12000000}",val-org-img/15723.jpg,val-label-img/15723_lab.png,15723,[9]
"{""0"": 7799069, ""2"": 367853, ""3"": 660778, ""5"": 633039, ""6"": 92038, ""7"": 2447223}",val-org-img/15738.jpg,val-label-img/15738_lab.png,15738,"[2, 3, 5, 6, 7]"
"{""0"": 2109945, ""2"": 296672, ""3"": 896158, ""9"": 8697225}",val-org-img/15762.jpg,val-label-img/15762_lab.png,15762,"[2, 3, 9]"
"{""9"": 12000000}",val-org-img/15775.jpg,val-label-img/15775_lab.png,15775,[9]
"{""0"": 7471610, ""2"": 1141242, ""4"": 788005, ""6"": 40693, ""7"": 2558450}",val-org-img/15806.jpg,val-label-img/15806_lab.png,15806,"[2, 4, 6, 7]"
"{""0"": 8614975, ""2"": 256276, ""4"": 1095516, ""6"": 42240, ""7"": 1590587, ""9"": 400406}",val-org-img/15815.jpg,val-label-img/15815_lab.png,15815,"[2, 4, 6, 7, 9]"
"{""0"": 9089447, ""1"": 603752, ""2"": 396954, ""3"": 548100, ""4"": 297822, ""6"": 40288, ""7"": 931538, ""10"": 92099}",val-org-img/15820.jpg,val-label-img/15820_lab.png,15820,"[1, 2, 3, 4, 6, 7, 10]"
"{""0"": 3017012, ""2"": 491353, ""3"": 112377, ""4"": 60366, ""6"": 64238, ""7"": 1418863, ""9"": 6835791}",val-org-img/15848.jpg,val-label-img/15848_lab.png,15848,"[2, 3, 4, 6, 7, 9]"
"{""0"": 7771870, ""2"": 251946, ""3"": 342340, ""4"": 273066, ""7"": 905497, ""9"": 2455281}",val-org-img/15857.jpg,val-label-img/15857_lab.png,15857,"[2, 3, 4, 7, 9]"
"{""0"": 6735932, ""2"": 483876, ""3"": 1302428, ""4"": 106816, ""6"": 33226, ""7"": 485263, ""9"": 2852459}",val-org-img/15862.jpg,val-label-img/15862_lab.png,15862,"[2, 3, 4, 6, 7, 9]"
"{""0"": 1989725, ""3"": 487125, ""9"": 9523150}",val-org-img/15879.jpg,val-label-img/15879_lab.png,15879,"[3, 9]"
"{""0"": 7908362, ""2"": 826901, ""3"": 285295, ""4"": 884891, ""5"": 29379, ""6"": 18507, ""7"": 1656757, ""8"": 389908}",val-org-img/15883.jpg,val-label-img/15883_lab.png,15883,"[2, 3, 4, 5, 6, 7, 8]"
"{""0"": 5745458, ""2"": 1193600, ""4"": 921994, ""6"": 17539, ""7"": 1168274, ""9"": 2953135}",val-org-img/15884.jpg,val-label-img/15884_lab.png,15884,"[2, 4, 6, 7, 9]"
"{""9"": 12000000}",val-org-img/15895.jpg,val-label-img/15895_lab.png,15895,[9]
"{""0"": 7992165, ""2"": 576651, ""3"": 808929, ""6"": 118598, ""7"": 723910, ""8"": 631426, ""9"": 1148321}",val-org-img/16013.jpg,val-label-img/16013_lab.png,16013,"[2, 3, 6, 7, 8, 9]"
"{""0"": 244360, ""1"": 1045573, ""9"": 10710067}",val-org-img/16027.jpg,val-label-img/16027_lab.png,16027,"[1, 9]"
"{""0"": 275012, ""7"": 119846, ""9"": 11605142}",val-org-img/16030.jpg,val-label-img/16030_lab.png,16030,"[7, 9]"
"{""0"": 4292921, ""1"": 702427, ""6"": 97211, ""9"": 6907441}",val-org-img/16049.jpg,val-label-img/16049_lab.png,16049,"[1, 6, 9]"
"{""0"": 4154836, ""1"": 861612, ""2"": 66277, ""6"": 58703, ""9"": 6858572}",val-org-img/16050.jpg,val-label-img/16050_lab.png,16050,"[1, 2, 6, 9]"
"{""0"": 1375345, ""1"": 129370, ""2"": 520493, ""9"": 9974792}",val-org-img/16066.jpg,val-label-img/16066_lab.png,16066,"[1, 2, 9]"
"{""0"": 3453149, ""2"": 531740, ""3"": 288073, ""9"": 7727038}",val-org-img/16070.jpg,val-label-img/16070_lab.png,16070,"[2, 3, 9]"
"{""0"": 6873547, ""2"": 1200448, ""9"": 3926005}",val-org-img/16080.jpg,val-label-img/16080_lab.png,16080,"[2, 9]"
"{""0"": 4069262, ""2"": 182679, ""3"": 1104448, ""6"": 62582, ""7"": 4947901, ""9"": 1633128}",val-org-img/16231.jpg,val-label-img/16231_lab.png,16231,"[2, 3, 6, 7, 9]"
"{""0"": 5433817, ""2"": 84224, ""3"": 838225, ""6"": 65390, ""7"": 2180370, ""9"": 3397974}",val-org-img/16232.jpg,val-label-img/16232_lab.png,16232,"[2, 3, 6, 7, 9]"
"{""0"": 3504384, ""2"": 620830, ""6"": 211135, ""7"": 1146244, ""8"": 174085, ""9"": 6292265, ""10"": 51057}",val-org-img/16301.jpg,val-label-img/16301_lab.png,16301,"[2, 6, 7, 8, 9, 10]"
"{""0"": 7165760, ""2"": 549664, ""3"": 340814, ""4"": 58343, ""6"": 41995, ""7"": 1719409, ""9"": 2124015}",val-org-img/16329.jpg,val-label-img/16329_lab.png,16329,"[2, 3, 4, 6, 7, 9]"
"{""0"": 1755707, ""2"": 370091, ""6"": 88188, ""7"": 847145, ""9"": 8938869}",val-org-img/16504.jpg,val-label-img/16504_lab.png,16504,"[2, 6, 7, 9]"
"{""0"": 8021537, ""1"": 3978463}",val-org-img/20418.jpg,val-label-img/20418_lab.png,20418,[1]
