set_id,scenario_id,topology_id,variant,trajectory_method,realization_id,value,ratio,status,runtime_s,variables,rows,nonzeros
v0,Bbnplanet-r0,Bbnplanet,trajectory,B1,0,16.290928505601098,0.40727321264002747,optimal,3.3038253410013567,42780,67267,245600
v0,Bbnplanet-r0,Bbnplanet,trajectory,B1,1,15.558507827757518,0.38896269569393793,optimal,2.3082501140015665,42780,67267,245600
v0,Bbnplanet-r0,Bbnplanet,trajectory,B1,2,15.818850759688086,0.39547126899220214,optimal,2.212283111999568,42780,67267,245600
v0,Bbnplanet-r0,Bbnplanet,trajectory,B1,3,14.860072488944724,0.3715018122236181,optimal,2.3384087979975448,42780,67267,245600
v0,Bbnplanet-r0,Bbnplanet,trajectory,B1,4,15.090710517125697,0.3772677629281424,optimal,2.313868052999169,42780,67267,245600
v0,Bbnplanet-r0,Bbnplanet,trajectory,B1,5,15.46770872675116,0.38669271816877904,optimal,2.3202391829981934,42780,67267,245600
v0,Bbnplanet-r0,Bbnplanet,trajectory,B1,6,15.28045009586979,0.38201125239674477,optimal,2.5547772300014913,42780,67267,245600
v0,Bbnplanet-r0,Bbnplanet,trajectory,B1,7,15.555863493951078,0.38889658734877697,optimal,2.2172711550010717,42780,67267,245600
v0,Bbnplanet-r0,Bbnplanet,trajectory,B1,8,15.021541683477574,0.3755385420869394,optimal,2.0588557320006657,42780,67267,245600
v0,Bbnplanet-r0,Bbnplanet,trajectory,B1,9,15.38348496945341,0.38458712423633523,optimal,1.991902948000643,42780,67267,245600
v0,Bbnplanet-r0,Bbnplanet,trajectory,B1,10,14.587672355807014,0.36469180889517533,optimal,4.535780602000159,42780,67267,245600
v0,Bbnplanet-r0,Bbnplanet,trajectory,B1,11,15.601495807699427,0.3900373951924857,optimal,2.0421426980028627,42780,67267,245600
v0,Bbnplanet-r0,Bbnplanet,trajectory,B1,12,15.266066023243765,0.3816516505810941,optimal,2.1645726440001454,42780,67267,245600
v0,Bbnplanet-r0,Bbnplanet,trajectory,B1,13,15.69161552091406,0.39229038802285154,optimal,1.9979479129979154,42780,67267,245600
v0,Bbnplanet-r0,Bbnplanet,trajectory,B1,14,14.72231056425123,0.36805776410628077,optimal,1.9860342430001765,42780,67267,245600
v0,Bbnplanet-r0,Bbnplanet,trajectory,B1,15,14.44136139398027,0.36103403484950675,optimal,2.060877960000653,42780,67267,245600
v0,Bbnplanet-r0,Bbnplanet,trajectory,B1,16,14.653244166247395,0.36633110415618486,optimal,1.9896292609992088,42780,67267,245600
v0,Bbnplanet-r0,Bbnplanet,trajectory,B1,17,15.879876880048945,0.3969969220012236,optimal,2.3561235909983225,42780,67267,245600
v0,Bbnplanet-r0,Bbnplanet,trajectory,B1,18,14.95110499112004,0.373777624778001,optimal,2.142767654000636,42780,67267,245600
v0,Bbnplanet-r0,Bbnplanet,trajectory,B1,19,15.30036541902412,0.382509135475603,optimal,2.073015812999074,42780,67267,245600
v0,Bbnplanet-r0,Bbnplanet,trajectory,B1,20,14.95729252103173,0.3739323130257933,optimal,2.3246409409985063,42780,67267,245600
v0,Bbnplanet-r0,Bbnplanet,trajectory,B1,21,14.50449562184955,0.3626123905462387,optimal,2.3305952839982638,42780,67267,245600
v0,Bbnplanet-r0,Bbnplanet,trajectory,B1,22,15.048616286252702,0.37621540715631757,optimal,2.264522877998388,42780,67267,245600
v0,Bbnplanet-r0,Bbnplanet,trajectory,B1,23,15.566462056672291,0.3891615514168073,optimal,2.266192343999137,42780,67267,245600
v0,Bbnplanet-r0,Bbnplanet,trajectory,B1,24,15.462632050460385,0.38656580126150963,optimal,2.2179227939996053,42780,67267,245600
v0,Bbnplanet-r0,Bbnplanet,trajectory,B1,25,15.871944512896615,0.39679861282241535,optimal,2.280647034996946,42780,67267,245600
v0,Bbnplanet-r0,Bbnplanet,trajectory,B1,26,14.464784547819864,0.3616196136954966,optimal,1.9965827539999736,42780,67267,245600
v0,Bbnplanet-r0,Bbnplanet,trajectory,B1,27,14.436444359600529,0.3609111089900132,optimal,2.080627792998712,42780,67267,245600
v0,Bbnplanet-r0,Bbnplanet,trajectory,B1,28,15.786371423289086,0.3946592855822272,optimal,2.029639901000337,42780,67267,245600
v0,Bbnplanet-r0,Bbnplanet,trajectory,B1,29,15.664892372625332,0.3916223093156333,optimal,2.1721379830014484,42780,67267,245600
v0,Bbnplanet-r1,Bbnplanet,trajectory,B1,0,33.375452318131764,0.834386307953294,optimal,1.7820826009992743,33125,63691,202311
v0,Bbnplanet-r1,Bbnplanet,trajectory,B1,1,33.360802821241336,0.8340200705310334,optimal,1.8241038839987596,33125,63691,202311
v0,Bbnplanet-r1,Bbnplanet,trajectory,B1,2,32.2026440086335,0.8050661002158375,optimal,1.9207519119991048,33125,63691,202311
v0,Bbnplanet-r1,Bbnplanet,trajectory,B1,3,33.01836039115332,0.825459009778833,optimal,1.864722846999939,33125,63691,202311
v0,Bbnplanet-r1,Bbnplanet,trajectory,B1,4,32.827990758820484,0.8206997689705121,optimal,1.7479585880028026,33125,63691,202311
v0,Bbnplanet-r1,Bbnplanet,trajectory,B1,5,33.02631451122133,0.8256578627805332,optimal,1.7761971010004345,33125,63691,202311
v0,Bbnplanet-r1,Bbnplanet,trajectory,B1,6,33.06227002678791,0.8265567506696977,optimal,1.8853611080012342,33125,63691,202311
v0,Bbnplanet-r1,Bbnplanet,trajectory,B1,7,32.5314226908132,0.8132855672703301,optimal,1.6961486299987882,33125,63691,202311
v0,Bbnplanet-r1,Bbnplanet,trajectory,B1,8,32.5542768964557,0.8138569224113924,optimal,1.8763878460013075,33125,63691,202311
v0,Bbnplanet-r1,Bbnplanet,trajectory,B1,9,32.82854294789243,0.8207135736973108,optimal,1.9916218180005671,33125,63691,202311
v0,Bbnplanet-r1,Bbnplanet,trajectory,B1,10,33.05935761417484,0.8264839403543711,optimal,1.9057730220010853,33125,63691,202311
v0,Bbnplanet-r1,Bbnplanet,trajectory,B1,11,32.22092311998345,0.8055230779995863,optimal,1.8593851719997474,33125,63691,202311
v0,Bbnplanet-r1,Bbnplanet,trajectory,B1,12,32.586009120404356,0.8146502280101089,optimal,1.8742635129965493,33125,63691,202311
v0,Bbnplanet-r1,Bbnplanet,trajectory,B1,13,32.66269327935542,0.8165673319838855,optimal,1.8402804609977466,33125,63691,202311
v0,Bbnplanet-r1,Bbnplanet,trajectory,B1,14,32.405015582796096,0.8101253895699024,optimal,1.786332723000669,33125,63691,202311
v0,Bbnplanet-r1,Bbnplanet,trajectory,B1,15,33.34057750797703,0.8335144376994258,optimal,1.844715275001363,33125,63691,202311
v0,Bbnplanet-r1,Bbnplanet,trajectory,B1,16,32.25049311886542,0.8062623279716356,optimal,1.9730409149997286,33125,63691,202311
v0,Bbnplanet-r1,Bbnplanet,trajectory,B1,17,32.372819760736675,0.8093204940184169,optimal,2.33908608099955,33125,63691,202311
v0,Bbnplanet-r1,Bbnplanet,trajectory,B1,18,32.725043540064355,0.8181260885016088,optimal,2.1110107979984605,33125,63691,202311
v0,Bbnplanet-r1,Bbnplanet,trajectory,B1,19,32.8870012105061,0.8221750302626525,optimal,3.276763378002215,33125,63691,202311
v0,Bbnplanet-r1,Bbnplanet,trajectory,B1,20,32.47583592660591,0.8118958981651477,optimal,1.8573972990016046,33125,63691,202311
v0,Bbnplanet-r1,Bbnplanet,trajectory,B1,21,32.626479767523584,0.8156619941880896,optimal,1.7353497190015332,33125,63691,202311
v0,Bbnplanet-r1,Bbnplanet,trajectory,B1,22,32.0672053604815,0.8016801340120375,optimal,1.9318442160001723,33125,63691,202311
v0,Bbnplanet-r1,Bbnplanet,trajectory,B1,23,32.77149063968042,0.8192872659920105,optimal,1.7219573620022857,33125,63691,202311
v0,Bbnplanet-r1,Bbnplanet,trajectory,B1,24,33.555843534435915,0.8388960883608979,optimal,3.9818195150000975,33125,63691,202311
v0,Bbnplanet-r1,Bbnplanet,trajectory,B1,25,32.84813333212131,0.8212033333030326,optimal,1.7850359919975745,33125,63691,202311
v0,Bbnplanet-r1,Bbnplanet,trajectory,B1,26,32.32005905483779,0.8080014763709448,optimal,1.84164804700049,33125,63691,202311
v0,Bbnplanet-r1,Bbnplanet,trajectory,B1,27,32.84725770731123,0.8211814426827807,optimal,1.7439249679991917,33125,63691,202311
v0,Bbnplanet-r1,Bbnplanet,trajectory,B1,28,33.39337878176464,0.834834469544116,optimal,1.9730106179995346,33125,63691,202311
v0,Bbnplanet-r1,Bbnplanet,trajectory,B1,29,32.58493160598962,0.8146232901497404,optimal,1.9509033120011736,33125,63691,202311
v0,Canerie-r0,Canerie,trajectory,B1,0,26.621808418449195,0.6655452104612298,optimal,2.050713241998892,35301,61091,218825
v0,Canerie-r0,Canerie,trajectory,B1,1,25.708695586726375,0.6427173896681594,optimal,2.050093937999918,35301,61091,218825
v0,Canerie-r0,Canerie,trajectory,B1,2,26.86328983357811,0.6715822458394528,optimal,1.9985061829975166,35301,61091,218825
v0,Canerie-r0,Canerie,trajectory,B1,3,25.47765433764624,0.636941358441156,optimal,1.9569489000023168,35301,61091,218825
v0,Canerie-r0,Canerie,trajectory,B1,4,26.768450657988126,0.6692112664497032,optimal,3.858043673000793,35301,61091,218825
v0,Canerie-r0,Canerie,trajectory,B1,5,27.227321584795156,0.6806830396198789,optimal,2.1434121489983227,35301,61091,218825
v0,Canerie-r0,Canerie,trajectory,B1,6,26.80534820486896,0.670133705121724,optimal,2.048296828997991,35301,61091,218825
v0,Canerie-r0,Canerie,trajectory,B1,7,27.29613030187297,0.6824032575468243,optimal,2.1828961210012494,35301,61091,218825
v0,Canerie-r0,Canerie,trajectory,B1,8,27.802524540132175,0.6950631135033044,optimal,1.9969608430001244,35301,61091,218825
v0,Canerie-r0,Canerie,trajectory,B1,9,27.666047856105205,0.6916511964026302,optimal,3.342153640001925,35301,61091,218825
v0,Canerie-r0,Canerie,trajectory,B1,10,25.593508090660954,0.6398377022665238,optimal,1.9262627809985133,35301,61091,218825
v0,Canerie-r0,Canerie,trajectory,B1,11,27.891571924970496,0.6972892981242624,optimal,2.133168456999556,35301,61091,218825
v0,Canerie-r0,Canerie,trajectory,B1,12,27.272489293600913,0.6818122323400229,optimal,1.9502636519973748,35301,61091,218825
v0,Canerie-r0,Canerie,trajectory,B1,13,27.698384062263326,0.6924596015565831,optimal,2.05818128899773,35301,61091,218825
v0,Canerie-r0,Canerie,trajectory,B1,14,26.1546237086408,0.65386559271602,optimal,2.004339365001215,35301,61091,218825
v0,Canerie-r0,Canerie,trajectory,B1,15,27.285303299993398,0.682132582499835,optimal,2.1643441539999912,35301,61091,218825
v0,Canerie-r0,Canerie,trajectory,B1,16,28.446169458085237,0.7111542364521309,optimal,2.278443592997064,35301,61091,218825
v0,Canerie-r0,Canerie,trajectory,B1,17,28.136605648448093,0.7034151412112023,optimal,2.9130070650026028,35301,61091,218825
v0,Canerie-r0,Canerie,trajectory,B1,18,27.3904032733944,0.68476008183486,optimal,3.8227651300003345,35301,61091,218825
v0,Canerie-r0,Canerie,trajectory,B1,19,25.177259819710677,0.6294314954927669,optimal,2.06923996399928,35301,61091,218825
v0,Canerie-r0,Canerie,trajectory,B1,20,26.059643581688455,0.6514910895422114,optimal,2.0781922159985697,35301,61091,218825
v0,Canerie-r0,Canerie,trajectory,B1,21,26.5617022386627,0.6640425559665675,optimal,2.612626060999901,35301,61091,218825
v0,Canerie-r0,Canerie,trajectory,B1,22,25.671788450209657,0.6417947112552415,optimal,2.060293428003206,35301,61091,218825
v0,Canerie-r0,Canerie,trajectory,B1,23,28.052006179391306,0.7013001544847827,optimal,1.941095680998842,35301,61091,218825
v0,Canerie-r0,Canerie,trajectory,B1,24,26.83564871111432,0.670891217777858,optimal,1.9000641360034933,35301,61091,218825
v0,Canerie-r0,Canerie,trajectory,B1,25,28.09981321836796,0.702495330459199,optimal,2.0739205999998376,35301,61091,218825
v0,Canerie-r0,Canerie,trajectory,B1,26,27.96091128843938,0.6990227822109845,optimal,2.0600059349999356,35301,61091,218825
v0,Canerie-r0,Canerie,trajectory,B1,27,25.603778742104268,0.6400944685526067,optimal,2.0735911929987196,35301,61091,218825
v0,Canerie-r0,Canerie,trajectory,B1,28,26.723993706849306,0.6680998426712327,optimal,2.0746236170016346,35301,61091,218825
v0,Canerie-r0,Canerie,trajectory,B1,29,28.114751543399912,0.7028687885849978,optimal,2.0958558560014353,35301,61091,218825
v0,Canerie-r1,Canerie,trajectory,B1,0,37.287928954885494,0.9321982238721374,optimal,2.5490164240000013,41393,76706,237282
v0,Canerie-r1,Canerie,trajectory,B1,1,37.12639210955327,0.9281598027388318,optimal,2.3968441229990276,41393,76706,237282
v0,Canerie-r1,Canerie,trajectory,B1,2,37.43725362786945,0.9359313406967363,optimal,4.552987800001574,41393,76706,237282
v0,Canerie-r1,Canerie,trajectory,B1,3,37.33626503414498,0.9334066258536244,optimal,2.7897977600005106,41393,76706,237282
v0,Canerie-r1,Canerie,trajectory,B1,4,37.31487131398488,0.932871782849622,optimal,2.669419420999475,41393,76706,237282
v0,Canerie-r1,Canerie,trajectory,B1,5,37.540104964624064,0.9385026241156016,optimal,2.6970902220018615,41393,76706,237282
v0,Canerie-r1,Canerie,trajectory,B1,6,37.256511225846005,0.9314127806461501,optimal,2.579429329998675,41393,76706,237282
v0,Canerie-r1,Canerie,trajectory,B1,7,37.265117908194654,0.9316279477048663,optimal,2.474323053000262,41393,76706,237282
v0,Canerie-r1,Canerie,trajectory,B1,8,37.44375633138958,0.9360939082847395,optimal,2.740757774001395,41393,76706,237282
v0,Canerie-r1,Canerie,trajectory,B1,9,37.166698507671335,0.9291674626917834,optimal,2.5096820870021475,41393,76706,237282
v0,Canerie-r1,Canerie,trajectory,B1,10,37.09276430986801,0.9273191077467002,optimal,2.3406700679988717,41393,76706,237282
v0,Canerie-r1,Canerie,trajectory,B1,11,37.373192304497,0.9343298076124251,optimal,2.601933329999156,41393,76706,237282
v0,Canerie-r1,Canerie,trajectory,B1,12,37.29103890125751,0.9322759725314377,optimal,2.766932900998654,41393,76706,237282
v0,Canerie-r1,Canerie,trajectory,B1,13,37.320336860267076,0.933008421506677,optimal,2.4617623060003098,41393,76706,237282
v0,Canerie-r1,Canerie,trajectory,B1,14,37.30302527955919,0.9325756319889799,optimal,2.4498343060004117,41393,76706,237282
v0,Canerie-r1,Canerie,trajectory,B1,15,37.18361612087195,0.9295904030217989,optimal,2.4995248330014874,41393,76706,237282
v0,Canerie-r1,Canerie,trajectory,B1,16,37.31569734108574,0.9328924335271435,optimal,2.491779125000903,41393,76706,237282
v0,Canerie-r1,Canerie,trajectory,B1,17,37.374974134768195,0.9343743533692048,optimal,2.4886866220003867,41393,76706,237282
v0,Canerie-r1,Canerie,trajectory,B1,18,37.27225760096861,0.9318064400242152,optimal,2.4764023940006155,41393,76706,237282
v0,Canerie-r1,Canerie,trajectory,B1,19,37.40394261675579,0.9350985654188948,optimal,2.719527425997512,41393,76706,237282
v0,Canerie-r1,Canerie,trajectory,B1,20,37.308738973734705,0.9327184743433676,optimal,2.5954178710017004,41393,76706,237282
v0,Canerie-r1,Canerie,trajectory,B1,21,37.34153781467746,0.9335384453669364,optimal,2.3025877379986923,41393,76706,237282
v0,Canerie-r1,Canerie,trajectory,B1,22,37.238980531000216,0.9309745132750054,optimal,2.447787398003129,41393,76706,237282
v0,Canerie-r1,Canerie,trajectory,B1,23,37.3297245938706,0.933243114846765,optimal,2.515891372000624,41393,76706,237282
v0,Canerie-r1,Canerie,trajectory,B1,24,37.23014308826878,0.9307535772067196,optimal,2.4552168699992762,41393,76706,237282
v0,Canerie-r1,Canerie,trajectory,B1,25,37.23540946298762,0.9308852365746905,optimal,2.525061686999834,41393,76706,237282
v0,Canerie-r1,Canerie,trajectory,B1,26,37.28592422741746,0.9321481056854365,optimal,2.3210028469984536,41393,76706,237282
v0,Canerie-r1,Canerie,trajectory,B1,27,37.374433975902704,0.9343608493975676,optimal,2.759805818001041,41393,76706,237282
v0,Canerie-r1,Canerie,trajectory,B1,28,37.14424151992982,0.9286060379982455,optimal,5.613426071999129,41393,76706,237282
v0,Canerie-r1,Canerie,trajectory,B1,29,37.2041112527444,0.9301027813186099,optimal,2.61530737999783,41393,76706,237282
v0,Fccn-r0,Fccn,trajectory,B1,0,9.966737687620359,0.249168442190509,optimal,1.8393017400012468,35956,54317,224869
v0,Fccn-r0,Fccn,trajectory,B1,1,9.038242203626925,0.22595605509067312,optimal,1.947528370001237,35956,54317,224869
v0,Fccn-r0,Fccn,trajectory,B1,2,10.377703165372347,0.2594425791343087,optimal,1.9791628940001829,35956,54317,224869
v0,Fccn-r0,Fccn,trajectory,B1,3,9.437995695715227,0.23594989239288067,optimal,2.060444621998613,35956,54317,224869
v0,Fccn-r0,Fccn,trajectory,B1,4,10.440415876085929,0.2610103969021482,optimal,2.1348365109988663,35956,54317,224869
v0,Fccn-r0,Fccn,trajectory,B1,5,10.051433988455804,0.2512858497113951,optimal,1.9572529750003014,35956,54317,224869
v0,Fccn-r0,Fccn,trajectory,B1,6,9.276586742133077,0.23191466855332693,optimal,2.1973261979983363,35956,54317,224869
v0,Fccn-r0,Fccn,trajectory,B1,7,9.775350320765769,0.24438375801914422,optimal,2.0583943579986226,35956,54317,224869
v0,Fccn-r0,Fccn,trajectory,B1,8,9.717819146863363,0.24294547867158406,optimal,1.9959616419982922,35956,54317,224869
v0,Fccn-r0,Fccn,trajectory,B1,9,9.638693735256398,0.24096734338140996,optimal,1.915881241999159,35956,54317,224869
v0,Fccn-r0,Fccn,trajectory,B1,10,9.213491715036046,0.23033729287590116,optimal,2.1148001049987215,35956,54317,224869
v0,Fccn-r0,Fccn,trajectory,B1,11,9.64476889796679,0.24111922244916975,optimal,1.945635455998854,35956,54317,224869
v0,Fccn-r0,Fccn,trajectory,B1,12,9.20452599950658,0.23011314998766447,optimal,1.7639915629988536,35956,54317,224869
v0,Fccn-r0,Fccn,trajectory,B1,13,10.30856244781144,0.257714061195286,optimal,1.9122789690009085,35956,54317,224869
v0,Fccn-r0,Fccn,trajectory,B1,14,9.351918435093923,0.23379796087734808,optimal,1.8599233429995365,35956,54317,224869
v0,Fccn-r0,Fccn,trajectory,B1,15,10.051071514473337,0.25127678786183344,optimal,1.9365643410019402,35956,54317,224869
v0,Fccn-r0,Fccn,trajectory,B1,16,9.620655007631552,0.24051637519078878,optimal,1.8713674049977271,35956,54317,224869
v0,Fccn-r0,Fccn,trajectory,B1,17,10.380877569236837,0.25952193923092093,optimal,2.1846399970017956,35956,54317,224869
v0,Fccn-r0,Fccn,trajectory,B1,18,8.050435877340634,0.20126089693351584,optimal,1.827748806001182,35956,54317,224869
v0,Fccn-r0,Fccn,trajectory,B1,19,9.471659934075666,0.23679149835189164,optimal,2.0754558020016702,35956,54317,224869
v0,Fccn-r0,Fccn,trajectory,B1,20,10.163895010223117,0.2540973752555779,optimal,1.9336491239992029,35956,54317,224869
v0,Fccn-r0,Fccn,trajectory,B1,21,8.363440348250666,0.20908600870626665,optimal,2.343314173998806,35956,54317,224869
v0,Fccn-r0,Fccn,trajectory,B1,22,10.367271817164964,0.2591817954291241,optimal,1.9805817190026573,35956,54317,224869
v0,Fccn-r0,Fccn,trajectory,B1,23,9.21364331205565,0.23034108280139126,optimal,1.865182901998196,35956,54317,224869
v0,Fccn-r0,Fccn,trajectory,B1,24,10.432922663147085,0.26082306657867715,optimal,1.9807433140013018,35956,54317,224869
v0,Fccn-r0,Fccn,trajectory,B1,25,9.590164099510776,0.2397541024877694,optimal,2.0742263169995567,35956,54317,224869
v0,Fccn-r0,Fccn,trajectory,B1,26,10.408718083943317,0.2602179520985829,optimal,2.0511194320024515,35956,54317,224869
v0,Fccn-r0,Fccn,trajectory,B1,27,10.1401241865883,0.2535031046647075,optimal,1.8016542610021133,35956,54317,224869
v0,Fccn-r0,Fccn,trajectory,B1,28,8.437996439471664,0.2109499109867916,optimal,1.7520243860017217,35956,54317,224869
v0,Fccn-r0,Fccn,trajectory,B1,29,9.312854143160061,0.23282135357900152,optimal,1.7397411970014218,35956,54317,224869
v0,Fccn-r1,Fccn,trajectory,B1,0,23.589500995244595,0.5897375248811149,optimal,5.061521022998932,39852,62632,236981
v0,Fccn-r1,Fccn,trajectory,B1,1,24.633614867447456,0.6158403716861864,optimal,2.748885666998831,39852,62632,236981
v0,Fccn-r1,Fccn,trajectory,B1,2,24.797485618932896,0.6199371404733224,optimal,2.8064371250002296,39852,62632,236981
v0,Fccn-r1,Fccn,trajectory,B1,3,23.40251376202777,0.5850628440506942,optimal,2.754430641001818,39852,62632,236981
v0,Fccn-r1,Fccn,trajectory,B1,4,24.496764627004925,0.6124191156751231,optimal,2.683077465997485,39852,62632,236981
v0,Fccn-r1,Fccn,trajectory,B1,5,24.41319329901874,0.6103298324754685,optimal,3.248744524000358,39852,62632,236981
v0,Fccn-r1,Fccn,trajectory,B1,6,24.34043252049606,0.6085108130124015,optimal,2.713249126998562,39852,62632,236981
v0,Fccn-r1,Fccn,trajectory,B1,7,23.308803355185756,0.5827200838796439,optimal,2.7964458650021697,39852,62632,236981
v0,Fccn-r1,Fccn,trajectory,B1,8,22.86872386260235,0.5717180965650588,optimal,2.901830462000362,39852,62632,236981
v0,Fccn-r1,Fccn,trajectory,B1,9,23.909740157752573,0.5977435039438144,optimal,2.682605304002209,39852,62632,236981
v0,Fccn-r1,Fccn,trajectory,B1,10,23.819895175164206,0.5954973793791052,optimal,2.542342323002231,39852,62632,236981
v0,Fccn-r1,Fccn,trajectory,B1,11,23.709970315811393,0.5927492578952849,optimal,2.6491457209995133,39852,62632,236981
v0,Fccn-r1,Fccn,trajectory,B1,12,23.702994340852054,0.5925748585213013,optimal,2.7327037180002662,39852,62632,236981
v0,Fccn-r1,Fccn,trajectory,B1,13,23.536514558485866,0.5884128639621466,optimal,2.9667946389999997,39852,62632,236981
v0,Fccn-r1,Fccn,trajectory,B1,14,23.078009756215227,0.5769502439053806,optimal,2.738567026997771,39852,62632,236981
v0,Fccn-r1,Fccn,trajectory,B1,15,23.207663205933926,0.5801915801483482,optimal,6.284388772000966,39852,62632,236981
v0,Fccn-r1,Fccn,trajectory,B1,16,22.404864802035345,0.5601216200508836,optimal,2.586599259997456,39852,62632,236981
v0,Fccn-r1,Fccn,trajectory,B1,17,23.369961381386954,0.5842490345346738,optimal,6.769553773003281,39852,62632,236981
v0,Fccn-r1,Fccn,trajectory,B1,18,22.674630800478408,0.5668657700119601,optimal,2.7261806669994257,39852,62632,236981
v0,Fccn-r1,Fccn,trajectory,B1,19,24.282731840176904,0.6070682960044226,optimal,2.6942777910007862,39852,62632,236981
v0,Fccn-r1,Fccn,trajectory,B1,20,22.64115318221563,0.5660288295553907,optimal,2.9837225310002395,39852,62632,236981
v0,Fccn-r1,Fccn,trajectory,B1,21,21.96451614993314,0.5491129037483284,optimal,5.904794952002703,39852,62632,236981
v0,Fccn-r1,Fccn,trajectory,B1,22,23.49297571850883,0.5873243929627208,optimal,2.7406479909986956,39852,62632,236981
v0,Fccn-r1,Fccn,trajectory,B1,23,22.74753753567372,0.568688438391843,optimal,2.7887143819971243,39852,62632,236981
v0,Fccn-r1,Fccn,trajectory,B1,24,24.17879504443223,0.6044698761108058,optimal,3.2150796049972996,39852,62632,236981
v0,Fccn-r1,Fccn,trajectory,B1,25,25.11654455825962,0.6279136139564905,optimal,2.9311714180003037,39852,62632,236981
v0,Fccn-r1,Fccn,trajectory,B1,26,25.131547807158718,0.6282886951789679,optimal,3.0809152029978577,39852,62632,236981
v0,Fccn-r1,Fccn,trajectory,B1,27,24.110126616504555,0.6027531654126139,optimal,3.1506416279989935,39852,62632,236981
v0,Fccn-r1,Fccn,trajectory,B1,28,25.041199315929717,0.626029982898243,optimal,4.168936409001617,39852,62632,236981
v0,Fccn-r1,Fccn,trajectory,B1,29,23.87534658993761,0.5968836647484402,optimal,2.823209690002841,39852,62632,236981
