set_id,method,scenario_count,timely_ratio_mean,timely_ratio_ci_low,timely_ratio_ci_high,conn_ratio_mean,bound_ratio_mean,gap_mean,gap_undefined_count,shortfall_mean,planning_runtime_s_mean,evaluation_runtime_s_per_realization_mean,bound_runtime_s_mean,union_bound_ratio_mean,union_gap_mean,evaluate_calls_mean
v0,B1,6,0.4611111111111111,0.22124999999999997,0.6654166666666667,1.0,0.6068111307160231,0.28973414314951923,0,20.57890796230056,0.13931519750015772,0.03018197645000732,2.421852924394443,0.6068111307160231,0.28973414314951923,1.0
v0,B2,6,0.5436111111111112,0.3454166666666667,0.7474999999999999,1.0,nan,nan,6,15.310781659954392,195.11193354149995,0.06431146686108048,nan,0.6068111307160231,0.11859372522860963,1946.5
v0,P,6,0.5480555555555555,0.3529166666666667,0.7533333333333333,1.0,nan,nan,6,15.224286612514744,194.68357104200004,0.05183218697220582,nan,0.6068111307160231,0.12225084550089926,2001.0
v0,P_cat0,6,0.5483333333333333,0.3529166666666667,0.7579166666666666,1.0,nan,nan,6,15.30655376832368,188.76033130133268,0.05489974593890818,nan,0.6068111307160231,0.12213845274173955,2001.0
v0,P_cat03,6,0.549861111111111,0.3529166666666667,0.75875,1.0,nan,nan,6,15.154947624394902,200.1394652721659,0.06302952980553932,nan,0.6068111307160231,0.12031424501742384,2001.0
v0,P_cat1,6,0.5579166666666667,0.3508333333333334,0.7591666666666667,1.0,nan,nan,6,14.76688743392414,191.91140446449876,0.05078793359443807,nan,0.6068111307160231,0.10095060147969652,2001.0
v0,P_catalog_trajectory,6,0.5594444444444445,0.31875,0.7554166666666666,1.0,nan,nan,6,14.729206987205517,181.16156504500032,0.04589056632778213,nan,0.6068111307160231,0.09716081048272568,1991.1666666666667
v0,P_init,6,0.5502777777777778,0.38250000000000006,0.7479166666666667,1.0,nan,nan,6,14.818881264668759,176.9651420671665,0.04799253608335777,nan,0.6068111307160231,0.09052214316782004,1944.1666666666667
v0,P_init_w10,6,0.5604166666666667,0.3604166666666668,0.7654166666666667,1.0,nan,nan,6,14.750238696641924,187.01719676799985,0.050695535683330996,nan,0.6068111307160231,0.08791294938850273,2001.0
v0,P_m2,6,0.5473611111111111,0.3308333333333333,0.7608333333333334,1.0,nan,nan,6,15.349198777519803,188.10563033450003,0.06288217741665802,nan,0.6068111307160231,0.13161394996597212,1990.3333333333333
v0,P_m5,6,0.5368055555555555,0.3383333333333334,0.7441666666666666,1.0,nan,nan,6,15.687550337667806,184.07756233416634,0.06790876535000684,nan,0.6068111307160231,0.13766768384083766,2001.0
v0,P_seed1,6,0.54625,0.36083333333333334,0.7491666666666666,1.0,nan,nan,6,15.367431569743234,189.4898870946672,0.05506039147223621,nan,0.6068111307160231,0.11491994342614233,2001.0
v0,P_seed2,6,0.5530555555555555,0.3383333333333334,0.74625,1.0,nan,nan,6,15.112732760980506,193.21986158483378,0.06025074269998893,nan,0.6068111307160231,0.11068599895627347,2001.0
v0,P_w10,6,0.5430555555555555,0.33958333333333335,0.7454166666666667,1.0,nan,nan,6,15.218434565701715,201.67881816416653,0.07231048496663182,nan,0.6068111307160231,0.13129828042550076,2001.0
v0,P_w3,6,0.5398611111111111,0.3508333333333334,0.7504166666666666,1.0,nan,nan,6,15.533300721995602,174.3528787915002,0.05101237267774397,nan,0.6068111307160231,0.1265908479191442,2001.0
