slot,B1,P,TRAN
0,0.000000,0.000000,0.000000
1,0.000000,0.000000,0.000000
2,0.000000,0.000000,0.000000
3,0.000000,0.000000,0.000000
4,0.000000,0.000000,0.000000
5,0.000000,0.000000,0.000000
6,0.000000,0.000000,0.000000
7,0.000000,0.000000,0.000000
8,0.000000,0.000000,0.000000
9,0.000000,0.000000,0.000000
10,0.000000,0.000000,0.000000
11,0.000000,0.000000,0.000000
12,0.000000,0.000000,0.000000
13,0.000000,0.000000,0.000000
14,0.000000,0.000000,0.000000
15,0.000000,0.000000,0.000000
16,0.000000,0.000000,0.000000
17,0.000000,0.000000,0.000000
18,0.000000,0.000000,0.000000
19,0.000000,0.000000,0.000000
20,0.000000,0.000000,0.000000
21,0.000000,0.000000,0.000000
22,0.000000,0.000000,0.000000
23,0.000000,0.000000,0.000000
24,0.000000,0.000833,0.000000
25,0.000000,0.000833,0.000000
26,0.025000,0.000833,0.000000
27,0.025000,0.001667,0.000000
28,0.025000,0.001667,0.000000
29,0.025833,0.002500,0.000000
30,0.025833,0.004167,0.005833
31,0.026667,0.005833,0.009167
32,0.033333,0.006667,0.036667
33,0.051667,0.008333,0.038333
34,0.053333,0.011667,0.038333
35,0.054167,0.035833,0.039167
36,0.054167,0.036667,0.039167
37,0.055833,0.039167,0.039167
38,0.058333,0.044167,0.039167
39,0.060833,0.049167,0.039167
40,0.065000,0.056667,0.039167
41,0.069167,0.063333,0.039167
42,0.073333,0.070000,0.039167
43,0.076667,0.075000,0.039167
44,0.080000,0.083333,0.039167
45,0.080833,0.088333,0.039167
46,0.080833,0.089167,0.039167
47,0.080833,0.092500,0.039167
48,0.080833,0.093333,0.039167
49,0.095000,0.095000,0.039167
50,0.107500,0.095000,0.039167
51,0.109167,0.095000,0.039167
52,0.109167,0.095000,0.039167
53,0.109167,0.095833,0.040833
54,0.109167,0.096667,0.040833
55,0.109167,0.096667,0.045000
56,0.109167,0.096667,0.047500
57,0.109167,0.100000,0.053333
58,0.110000,0.100833,0.062500
59,0.110000,0.103333,0.094167
60,0.110000,0.105000,0.114167
61,0.110000,0.106667,0.120833
62,0.110000,0.107500,0.121667
63,0.110000,0.115000,0.121667
64,0.135000,0.145000,0.146667
65,0.135833,0.150000,0.146667
66,0.160833,0.153333,0.171667
67,0.160833,0.155833,0.171667
68,0.160833,0.166667,0.172500
69,0.160833,0.171667,0.173333
70,0.160833,0.171667,0.175833
71,0.160833,0.172500,0.180833
72,0.161667,0.172500,0.185833
73,0.161667,0.172500,0.185833
74,0.161667,0.172500,0.210833
75,0.186667,0.172500,0.210833
76,0.186667,0.172500,0.211667
77,0.211667,0.200833,0.216667
78,0.211667,0.220000,0.221667
79,0.211667,0.223333,0.226667
80,0.211667,0.247500,0.226667
81,0.211667,0.247500,0.226667
82,0.211667,0.247500,0.251667
83,0.211667,0.247500,0.251667
84,0.211667,0.247500,0.251667
85,0.211667,0.248333,0.266667
86,0.211667,0.249167,0.288333
87,0.211667,0.249167,0.295000
88,0.211667,0.252500,0.295000
89,0.211667,0.262500,0.295000
90,0.211667,0.269167,0.295000
91,0.215000,0.273333,0.295000
92,0.224167,0.280833,0.295000
93,0.235000,0.295833,0.295000
94,0.239167,0.316667,0.295000
95,0.241667,0.328333,0.295000
96,0.249167,0.330833,0.295000
97,0.254167,0.332500,0.295000
98,0.282500,0.346667,0.320000
99,0.293333,0.358333,0.320000
100,0.301667,0.362500,0.345000
101,0.305833,0.365000,0.345000
102,0.310833,0.370833,0.345000
103,0.312500,0.384167,0.345000
104,0.315000,0.402500,0.345000
105,0.315000,0.403333,0.345833
106,0.317500,0.405000,0.346667
107,0.318333,0.405833,0.351667
108,0.320833,0.409167,0.363333
109,0.322500,0.421667,0.369167
110,0.324167,0.436667,0.370000
111,0.325000,0.439167,0.400833
112,0.325833,0.439167,0.420000
113,0.325833,0.441667,0.420000
114,0.325833,0.442500,0.420000
115,0.325833,0.442500,0.420000
116,0.326667,0.444167,0.445000
117,0.327500,0.445833,0.445000
118,0.327500,0.446667,0.445000
119,0.328333,0.446667,0.445000
120,0.328333,0.447500,0.445000
121,0.328333,0.447500,0.445000
122,0.328333,0.447500,0.445000
123,0.329167,0.447500,0.445000
124,0.329167,0.448333,0.445000
125,0.329167,0.449167,0.445000
126,0.329167,0.449167,0.445000
127,0.330000,0.449167,0.445000
128,0.332500,0.449167,0.445000
129,0.333333,0.450000,0.445000
130,0.334167,0.454167,0.445000
131,0.336667,0.456667,0.445000
132,0.336667,0.461667,0.445000
133,0.337500,0.462500,0.445000
134,0.337500,0.462500,0.445000
135,0.337500,0.462500,0.445000
136,0.337500,0.462500,0.445000
137,0.337500,0.462500,0.445000
138,0.337500,0.462500,0.445000
139,0.337500,0.462500,0.445000
140,0.337500,0.462500,0.445000
141,0.337500,0.462500,0.445000
142,0.337500,0.462500,0.445000
143,0.337500,0.462500,0.445000
144,0.337500,0.462500,0.445000
145,0.337500,0.462500,0.445000
146,0.337500,0.462500,0.445000
147,0.337500,0.462500,0.445000
148,0.337500,0.462500,0.445000
149,0.337500,0.462500,0.445000
