variables,runtime
8297,0.246961
8297,0.255484
8297,0.341021
8297,0.257360
8297,0.242857
8297,0.255661
8297,0.369579
8297,0.257523
8297,0.270631
8297,0.234996
8297,0.270252
8297,0.308136
8297,0.247719
8297,0.247771
8297,0.321883
8297,0.250076
8297,0.672218
8297,0.259689
8297,0.242257
8297,0.289027
8297,0.506888
8297,0.253932
8297,0.255434
8297,0.249258
8297,0.248575
8297,0.618967
8297,0.245988
8297,0.273739
8297,0.280788
8297,0.244072
32479,2.698727
32479,1.671479
32479,1.744981
32479,1.605548
32479,2.337474
32479,1.572513
32479,1.680406
32479,1.756602
32479,1.653099
32479,2.496225
32479,1.745645
32479,2.416020
32479,1.613462
32479,1.874665
32479,1.916099
32479,1.998016
32479,1.770011
32479,1.776312
32479,1.751786
32479,1.732971
32479,1.763227
32479,2.763952
32479,4.075149
32479,4.125343
32479,1.827705
32479,1.814367
32479,1.891027
32479,1.852892
32479,1.782414
32479,2.539292
5161,0.165900
5161,0.163334
5161,0.446641
5161,0.158846
5161,0.490654
5161,0.470396
5161,0.187458
5161,0.176890
5161,0.168491
5161,0.169421
5161,0.361532
5161,0.160104
5161,0.167453
5161,0.158081
5161,0.161276
5161,0.157417
5161,0.166808
5161,0.162450
5161,0.172234
5161,0.166741
5161,0.166175
5161,0.379850
5161,0.174969
5161,0.168479
5161,0.179755
5161,0.195151
5161,0.170672
5161,0.173203
5161,0.168215
5161,0.506316
43094,3.529879
43094,3.282195
43094,3.187836
43094,3.188829
43094,3.177256
43094,5.283906
43094,4.778214
43094,4.215686
43094,3.459613
43094,4.818650
43094,5.265740
43094,3.071352
43094,3.811141
43094,2.954575
43094,3.238706
43094,3.171353
43094,3.586890
43094,4.178824
43094,2.817766
43094,5.113586
43094,3.588470
43094,4.353856
43094,3.602168
43094,3.879825
43094,3.248225
43094,4.028122
43094,3.362410
43094,3.384473
43094,3.255534
43094,3.677269
21843,1.080007
21843,1.116905
21843,1.114986
21843,1.756868
21843,1.099243
21843,1.773477
21843,1.044734
21843,1.199724
21843,0.989333
21843,1.046823
21843,1.050765
21843,1.382532
21843,1.025259
21843,1.218236
21843,0.999402
21843,1.166958
21843,1.046072
21843,1.042074
21843,1.079631
21843,1.120073
21843,1.559947
21843,1.907069
21843,1.008882
21843,1.017986
21843,2.240502
21843,1.439016
21843,1.038819
21843,1.026132
21843,1.325024
21843,1.041689
39285,2.056457
39285,3.530966
39285,2.082954
39285,2.082183
39285,3.059371
39285,1.918434
39285,2.447716
39285,2.158352
39285,2.120650
39285,2.761828
39285,2.050487
39285,2.434949
39285,1.980092
39285,2.229731
39285,2.216643
39285,2.303806
39285,3.010071
39285,3.724235
39285,2.411816
39285,2.300626
39285,2.572905
39285,2.137710
39285,2.482105
39285,2.309797
39285,2.447893
39285,2.038629
39285,3.790074
39285,2.110408
39285,2.229975
39285,2.464094
7625,0.427181
7625,0.369716
7625,0.366005
7625,0.376826
7625,0.603343
7625,0.360728
7625,0.413332
7625,0.620321
7625,0.357476
7625,0.367095
7625,0.370604
7625,0.378193
7625,0.369200
7625,0.370823
7625,0.364440
7625,0.394154
7625,0.367992
7625,0.841682
7625,0.355773
7625,0.810231
7625,0.360762
7625,0.355383
7625,0.370375
7625,0.363541
7625,0.366636
7625,0.364034
7625,0.363185
7625,0.373740
7625,0.855162
7625,0.373761
32073,2.609146
32073,2.480075
32073,2.368346
32073,2.723747
32073,2.630311
32073,2.979301
32073,5.457907
32073,5.674610
32073,2.497463
32073,3.030262
32073,6.341399
32073,2.952976
32073,2.749061
32073,2.699382
32073,2.595652
32073,2.594791
32073,2.779055
32073,2.387019
32073,3.439094
32073,2.814450
32073,3.804673
32073,2.638345
32073,2.443081
32073,3.535901
32073,2.822745
32073,3.152725
32073,3.735240
32073,2.782376
32073,3.304101
32073,2.725043
8019,0.293631
8019,0.386908
8019,0.347794
8019,0.284318
8019,0.278762
8019,0.278602
8019,0.626439
8019,0.277570
8019,0.285208
8019,0.273643
8019,0.298344
8019,0.287204
8019,0.289854
8019,0.329047
8019,0.281260
8019,0.540371
8019,0.276172
8019,0.272715
8019,0.262636
8019,0.719560
8019,0.260871
8019,0.268736
8019,0.267804
8019,0.262704
8019,0.272688
8019,0.569511
8019,0.262302
8019,0.273339
8019,0.269222
8019,0.261532
38197,5.117903
38197,2.379796
38197,2.414669
38197,3.421906
38197,2.415300
38197,2.428249
38197,2.476703
38197,2.398176
38197,2.384422
38197,2.462789
38197,4.544337
38197,5.098894
38197,2.404763
38197,2.356429
38197,2.493013
38197,2.283111
38197,2.409273
38197,5.387717
38197,2.438117
38197,2.398326
38197,2.374887
38197,2.302733
38197,2.458554
38197,2.428808
38197,2.298458
38197,4.319867
38197,4.305140
38197,2.467949
38197,2.480745
38197,5.685089
19983,1.138762
19983,1.109328
19983,1.181216
19983,1.151751
19983,1.135313
19983,1.275630
19983,1.451554
19983,1.836276
19983,1.366363
19983,2.126642
19983,1.847670
19983,1.160920
19983,1.138024
19983,1.098809
19983,1.104278
19983,1.115062
19983,1.119788
19983,1.111936
19983,2.257489
19983,1.094706
19983,1.094141
19983,1.112441
19983,1.136103
19983,1.096584
19983,2.253230
19983,1.108026
19983,1.087598
19983,2.490569
19983,1.103442
19983,1.094748
42485,2.765155
42485,2.756186
42485,2.659568
42485,2.801982
42485,5.940579
42485,2.751356
42485,2.782028
42485,2.974790
42485,2.748757
42485,6.226013
42485,5.489778
42485,5.426349
42485,2.619896
42485,2.540719
42485,2.913451
42485,2.880681
42485,2.718934
42485,2.913067
42485,2.722894
42485,2.757459
42485,3.160524
42485,3.064280
42485,2.793769
42485,2.824312
42485,2.712810
42485,5.986708
42485,2.667097
42485,2.936680
42485,4.291070
42485,2.821071
6997,0.324261
6997,0.327156
6997,0.322828
6997,0.329824
6997,0.323663
6997,0.338830
6997,0.325228
6997,0.328534
6997,0.322149
6997,0.337737
6997,0.323624
6997,0.324591
6997,0.319679
6997,0.313156
6997,0.701563
6997,0.329916
6997,0.328304
6997,0.326687
6997,0.321701
6997,0.325416
6997,0.326348
6997,0.335320
6997,0.321522
6997,0.337535
6997,0.340789
6997,0.330873
6997,0.323446
6997,0.332864
6997,0.327419
6997,0.326915
38907,5.329650
38907,2.580080
38907,2.753067
38907,4.827031
38907,2.705919
38907,2.435562
38907,2.480800
38907,2.403617
38907,2.586578
38907,2.641829
38907,4.427618
38907,5.169358
38907,2.369550
38907,2.585064
38907,2.498720
38907,2.920712
38907,2.631955
38907,2.373764
38907,3.803980
38907,2.661344
38907,2.465440
38907,2.621163
38907,2.440419
38907,2.452827
38907,2.648973
38907,2.635811
38907,4.329744
38907,2.488310
38907,3.716677
38907,2.674023
8700,0.363112
8700,0.320471
8700,0.450946
8700,0.323381
8700,0.295395
8700,0.295543
8700,0.705602
8700,0.675109
8700,0.323451
8700,0.608011
8700,0.511699
8700,0.376863
8700,0.356060
8700,0.334605
8700,0.370438
8700,0.306257
8700,0.295530
8700,0.291558
8700,0.299343
8700,0.284881
8700,0.282702
8700,0.634370
8700,0.666320
8700,0.292324
8700,0.616561
8700,0.286837
8700,0.292380
8700,0.295469
8700,0.286228
8700,0.303039
34159,2.010040
34159,1.849660
34159,2.068354
34159,2.061997
34159,1.979134
34159,2.086685
34159,1.997450
34159,3.625926
34159,2.715597
34159,3.390854
34159,2.028337
34159,3.769346
34159,2.145841
34159,1.905893
34159,1.912107
34159,3.594109
34159,1.912759
34159,2.039724
34159,2.053533
34159,2.021345
34159,1.803261
34159,1.906055
34159,4.257816
34159,1.946989
34159,1.929641
34159,1.847413
34159,4.115214
34159,1.958158
34159,1.880547
34159,4.230800
6530,0.163291
6530,0.163294
6530,0.192261
6530,0.176331
6530,0.567980
6530,0.180875
6530,0.193760
6530,0.183553
6530,0.172885
6530,0.176736
6530,0.170748
6530,0.183586
6530,0.189796
6530,0.180352
6530,0.162726
6530,0.170071
6530,0.164352
6530,0.165346
6530,0.165861
6530,0.165095
6530,0.173913
6530,0.165614
6530,0.383587
6530,0.160262
6530,0.163859
6530,0.165492
6530,0.166911
6530,0.169512
6530,0.167121
6530,0.163205
26296,1.236886
26296,1.254966
26296,1.221337
26296,1.214456
26296,1.160252
26296,1.259691
26296,1.158979
26296,1.380912
26296,2.514868
26296,1.272532
26296,1.269434
26296,1.164051
26296,1.174159
26296,1.130375
26296,1.385979
26296,1.534411
26296,1.523171
26296,2.628169
26296,1.310969
26296,2.567026
26296,1.199683
26296,1.256472
26296,1.248553
26296,1.242743
26296,2.900382
26296,1.180893
26296,1.219476
26296,2.692255
26296,1.142526
26296,1.221564
8000,0.315601
8000,0.307333
8000,0.291587
8000,0.286817
8000,0.277171
8000,0.288920
8000,0.286450
8000,0.280366
8000,0.703456
8000,0.320541
8000,0.284727
8000,0.293203
8000,0.282551
8000,0.276187
8000,0.296862
8000,0.295161
8000,0.280097
8000,0.278273
8000,0.284221
8000,0.291689
8000,0.280392
8000,0.329190
8000,0.710751
8000,0.283928
8000,0.293460
8000,0.300631
8000,0.305622
8000,0.297631
8000,0.298189
8000,0.308173
37055,2.567269
37055,2.556509
37055,2.505762
37055,2.580223
37055,2.754016
37055,2.724622
37055,2.753040
37055,5.834456
37055,3.848305
37055,2.569292
37055,6.008435
37055,6.309268
37055,2.608495
37055,2.611644
37055,2.627242
37055,2.784984
37055,2.645217
37055,2.547181
37055,2.715398
37055,5.335104
37055,2.515100
37055,2.595536
37055,2.708034
37055,2.790968
37055,2.641893
37055,2.625738
37055,2.649449
37055,3.457617
37055,3.678970
37055,3.626235
18454,1.839076
18454,1.869736
18454,1.979108
18454,2.368257
18454,1.947127
18454,2.517249
18454,1.801306
18454,3.568458
18454,1.829404
18454,1.806782
18454,3.640618
18454,1.769132
18454,1.778636
18454,2.889335
18454,1.769652
18454,1.747246
18454,1.853619
18454,1.765345
18454,4.054164
18454,1.789214
18454,1.771794
18454,1.772153
18454,1.770633
18454,1.996624
18454,2.858545
18454,3.242538
18454,1.761651
18454,1.728452
18454,1.790077
18454,1.834361
30371,2.571849
30371,2.537235
30371,2.656148
30371,3.342721
30371,4.341737
30371,2.173549
30371,2.338481
30371,4.345956
30371,2.680582
30371,2.658409
30371,4.104451
30371,2.701648
30371,2.258831
30371,2.352357
30371,2.713440
30371,2.882835
30371,3.935532
30371,3.621852
30371,2.946614
30371,4.029533
30371,2.253153
30371,2.694279
30371,2.467171
30371,2.620373
30371,2.491589
30371,5.132176
30371,2.626798
30371,2.403406
30371,3.174438
30371,4.626953
9561,0.245350
9561,0.256163
9561,0.252093
9561,0.233764
9561,0.219585
9561,0.218318
9561,0.670128
9561,0.224331
9561,0.239424
9561,0.232957
9561,0.225150
9561,0.223411
9561,0.225556
9561,0.219305
9561,0.225462
9561,0.222772
9561,0.223381
9561,0.237206
9561,0.225800
9561,0.238168
9561,0.230755
9561,0.228096
9561,0.230173
9561,0.232227
9561,0.229252
9561,0.230555
9561,0.506142
9561,0.229045
9561,0.225654
9561,0.221718
39185,1.984889
39185,2.127918
39185,2.189589
39185,2.082876
39185,2.057816
39185,3.228094
39185,2.248490
39185,2.210692
39185,2.718491
39185,3.261285
39185,3.178387
39185,1.916995
39185,1.978059
39185,2.064810
39185,1.929043
39185,2.076641
39185,2.076572
39185,1.993513
39185,3.783479
39185,2.524191
39185,1.953239
39185,2.146708
39185,4.004817
39185,2.110780
39185,3.833848
39185,2.244565
39185,3.562989
39185,2.043575
39185,2.037532
39185,2.067769
8758,0.255307
8758,0.264893
8758,0.290742
8758,0.265218
8758,0.456952
8758,0.254307
8758,0.258520
8758,0.255818
8758,0.561911
8758,0.260107
8758,0.259632
8758,0.258673
8758,0.265100
8758,0.315142
8758,0.455390
8758,0.298435
8758,0.272232
8758,0.268237
8758,0.305418
8758,0.263890
8758,0.701091
8758,0.276179
8758,0.258033
8758,0.257366
8758,0.312711
8758,0.437397
8758,0.269617
8758,0.654900
8758,0.268314
8758,0.265851
38905,2.173838
38905,2.744705
38905,2.283787
38905,2.087933
38905,2.009866
38905,2.141424
38905,4.101033
38905,2.198455
38905,4.733492
38905,3.719952
38905,2.223687
38905,5.034881
38905,2.150485
38905,2.474005
38905,2.226471
38905,1.966142
38905,2.176311
38905,3.855729
38905,2.161036
38905,2.430711
38905,5.072905
38905,2.121033
38905,2.014301
38905,2.089668
38905,2.293033
38905,2.276256
38905,2.272762
38905,2.595415
38905,4.560929
38905,2.263298
11661,0.407196
11661,0.422838
11661,0.411928
11661,0.409227
11661,0.394154
11661,0.399178
11661,0.404423
11661,0.407930
11661,0.427208
11661,0.415242
11661,0.416126
11661,0.410923
11661,0.400435
11661,0.399802
11661,0.438776
11661,0.440618
11661,0.929680
11661,0.441491
11661,0.456779
11661,0.455786
11661,0.461904
11661,0.429600
11661,0.398797
11661,0.402568
11661,0.405643
11661,0.418914
11661,0.404441
11661,0.395009
11661,0.403359
11661,0.400416
37950,2.405264
37950,2.288613
37950,2.029841
37950,2.278101
37950,2.618647
37950,2.073668
37950,2.455742
37950,2.494643
37950,2.329456
37950,2.801047
37950,4.196858
37950,4.358146
37950,2.025163
37950,2.207516
37950,2.269784
37950,4.005561
37950,3.746608
37950,2.145228
37950,2.145585
37950,2.231529
37950,2.233355
37950,2.735480
37950,2.275027
37950,2.326242
37950,2.263763
37950,2.230414
37950,2.060079
37950,2.247681
37950,2.425021
37950,2.253837
11322,1.070477
11322,0.501105
11322,0.763840
11322,0.492132
11322,0.463494
11322,0.480269
11322,0.459741
11322,0.468886
11322,0.986250
11322,0.465044
11322,0.465516
11322,0.467424
11322,0.457487
11322,0.462722
11322,0.691413
11322,0.480311
11322,0.468893
11322,0.464053
11322,0.488024
11322,0.470344
11322,0.957373
11322,1.017577
11322,0.467118
11322,0.510372
11322,0.947859
11322,0.487521
11322,0.488456
11322,0.469926
11322,1.047535
11322,0.461625
39002,2.303297
39002,2.158764
39002,2.171072
39002,2.417255
39002,2.242938
39002,2.148562
39002,2.119927
39002,2.215293
39002,4.849569
39002,3.898485
39002,5.062174
39002,4.821238
39002,2.316833
39002,2.362915
39002,2.304094
39002,2.591280
39002,2.305763
39002,2.314532
39002,2.724885
39002,2.570359
39002,3.974801
39002,2.396774
39002,2.187995
39002,2.440832
39002,2.384542
39002,2.272234
39002,3.840925
39002,2.415392
39002,3.325136
39002,2.141184
22336,1.312169
22336,0.975998
22336,1.005195
22336,1.334023
22336,1.026371
22336,1.005753
22336,1.013271
22336,1.086549
22336,1.026483
22336,1.571690
22336,2.068029
22336,1.008125
22336,1.016322
22336,1.100949
22336,2.179035
22336,2.002192
22336,1.057830
22336,1.021718
22336,1.056848
22336,0.999647
22336,1.008897
22336,0.994523
22336,1.034572
22336,1.070485
22336,1.763573
22336,0.992127
22336,0.984633
22336,0.980076
22336,0.979214
22336,0.975984
65780,8.429813
65780,5.052554
65780,5.821517
65780,10.183615
65780,6.407835
65780,9.787436
65780,7.525131
65780,5.332646
65780,6.923010
65780,5.467167
65780,5.904261
65780,5.158463
65780,5.500758
65780,5.527112
65780,5.075910
65780,9.431014
65780,5.062255
65780,10.993916
65780,4.966422
65780,5.355582
65780,5.617107
65780,6.498279
65780,11.336537
65780,6.271969
65780,5.149016
65780,5.149300
65780,7.759177
65780,5.457969
65780,5.676479
65780,5.261608
4496,0.183347
4496,0.138859
4496,0.126385
4496,0.262127
4496,0.127710
4496,0.142765
4496,0.394922
4496,0.145651
4496,0.148887
4496,0.220124
4496,0.161625
4496,0.154610
4496,0.138712
4496,0.259000
4496,0.222205
4496,0.126829
4496,0.271027
4496,0.129915
4496,0.142740
4496,0.128773
4496,0.329783
4496,0.125227
4496,0.121227
4496,0.121505
4496,0.128776
4496,0.126540
4496,0.122077
4496,0.121355
4496,0.134132
4496,0.124625
25730,1.010626
25730,2.278121
25730,1.017100
25730,0.960064
25730,1.018743
25730,0.979008
25730,1.032930
25730,0.995743
25730,1.026580
25730,0.975861
25730,0.984297
25730,1.003663
25730,0.977839
25730,0.984462
25730,1.465712
25730,1.039966
25730,1.604124
25730,2.319937
25730,1.014414
25730,1.010416
25730,1.006232
25730,1.021654
25730,1.162870
25730,1.088364
25730,1.897912
25730,1.019203
25730,0.977965
25730,2.242268
25730,0.984073
25730,1.026897
4442,0.071829
4442,0.072938
4442,0.077440
4442,0.072882
4442,0.072174
4442,0.070382
4442,0.072691
4442,0.074068
4442,0.071405
4442,0.073860
4442,0.073479
4442,0.077824
4442,0.079512
4442,0.073283
4442,0.070396
4442,0.073894
4442,0.073975
4442,0.073290
4442,0.072851
4442,0.073452
4442,0.075063
4442,0.083356
4442,0.081292
4442,0.083049
4442,0.081262
4442,0.073703
4442,0.081801
4442,0.078689
4442,0.075515
4442,0.075071
74062,7.365824
74062,6.602463
74062,6.081416
74062,6.281823
74062,6.241707
74062,6.686339
74062,5.928923
74062,12.188573
74062,6.490378
74062,13.459442
74062,8.405204
74062,8.037434
74062,6.062352
74062,5.616867
74062,6.034220
74062,5.975611
74062,5.967059
74062,9.436541
74062,11.672747
74062,6.375019
74062,5.604914
74062,6.634383
74062,6.021114
74062,5.962762
74062,6.241758
74062,6.258259
74062,11.921110
74062,7.153547
74062,11.137328
74062,6.109347
6420,0.241887
6420,0.242175
6420,0.258857
6420,0.256171
6420,0.527113
6420,0.246712
6420,0.262487
6420,0.246905
6420,0.298805
6420,0.240460
6420,0.533122
6420,0.248420
6420,0.279761
6420,0.263951
6420,0.249211
6420,0.569560
6420,0.273831
6420,0.253003
6420,0.286487
6420,0.253761
6420,0.248004
6420,0.263172
6420,0.286854
6420,0.255944
6420,0.252697
6420,0.258555
6420,0.234846
6420,0.238761
6420,0.231007
6420,0.234105
37597,2.325639
37597,2.614068
37597,2.371642
37597,2.482321
37597,3.800335
37597,2.435694
37597,2.441346
37597,2.446118
37597,4.764746
37597,2.385029
37597,2.398689
37597,4.804105
37597,2.490191
37597,2.410185
37597,2.442164
37597,2.390160
37597,2.492847
37597,2.363904
37597,2.620239
37597,2.477860
37597,2.600923
37597,2.383866
37597,2.649726
37597,2.442630
37597,2.656879
37597,5.177182
37597,5.187639
37597,2.686753
37597,5.238723
37597,2.591342
3066,0.104133
3066,0.106174
3066,0.099906
3066,0.104112
3066,0.098630
3066,0.098585
3066,0.095830
3066,0.095692
3066,0.096435
3066,0.095636
3066,0.099274
3066,0.098986
3066,0.095475
3066,0.097472
3066,0.355101
3066,0.096858
3066,0.097333
3066,0.095497
3066,0.096940
3066,0.094937
3066,0.097279
3066,0.098560
3066,0.096948
3066,0.097745
3066,0.102637
3066,0.101014
3066,0.097072
3066,0.105957
3066,0.106467
3066,0.106543
35892,2.801184
35892,2.802282
35892,2.757474
35892,2.650460
35892,2.939461
35892,2.527722
35892,2.811695
35892,5.485284
35892,2.522836
35892,4.520953
35892,2.194333
35892,2.417986
35892,2.382769
35892,2.335260
35892,2.642266
35892,3.585169
35892,2.609210
35892,2.371389
35892,4.523209
35892,2.985026
35892,4.367199
35892,2.330634
35892,2.503347
35892,2.301044
35892,2.417673
35892,2.707880
35892,2.404618
35892,5.386955
35892,3.883305
35892,4.212377
2192,0.088117
2192,0.083561
2192,0.079813
2192,0.076853
2192,0.070193
2192,0.092056
2192,0.088329
2192,0.091658
2192,0.079268
2192,0.076923
2192,0.072680
2192,0.073254
2192,0.077530
2192,0.072351
2192,0.070351
2192,0.073042
2192,0.069939
2192,0.076028
2192,0.069147
2192,0.070036
2192,0.072451
2192,0.069139
2192,0.070258
2192,0.068504
2192,0.068163
2192,0.069092
2192,0.076543
2192,0.069424
2192,0.069722
2192,0.069160
32049,1.762449
32049,1.634444
32049,1.649051
32049,1.613245
32049,2.331868
32049,1.605699
32049,1.705297
32049,1.660826
32049,1.572853
32049,1.672646
32049,1.905257
32049,1.645449
32049,1.937632
32049,1.967685
32049,1.628181
32049,2.135475
32049,1.895119
32049,2.400087
32049,1.580872
32049,1.705893
32049,2.796002
32049,1.665886
32049,1.548876
32049,1.547101
32049,2.966111
32049,3.469639
32049,1.644822
32049,1.572291
32049,1.586275
32049,1.602264
7910,0.320728
7910,0.318682
7910,0.332745
7910,0.320427
7910,0.322919
7910,0.323245
7910,0.324227
7910,0.335009
7910,0.324086
7910,0.324215
7910,0.326769
7910,0.328586
7910,0.327405
7910,0.315725
7910,0.342202
7910,0.362270
7910,0.421416
7910,0.320076
7910,0.722426
7910,0.345692
7910,0.336685
7910,0.338796
7910,0.327229
7910,0.331680
7910,0.326124
7910,0.319202
7910,0.311123
7910,0.320059
7910,0.342703
7910,0.324590
29323,2.602070
29323,1.914733
29323,1.759649
29323,2.141676
29323,1.806454
29323,1.762367
29323,3.528493
29323,1.850356
29323,1.853563
29323,1.716255
29323,3.808360
29323,3.653449
29323,1.766371
29323,1.628741
29323,1.762232
29323,1.666255
29323,1.641814
29323,1.751635
29323,1.690377
29323,1.668447
29323,3.848124
29323,1.711040
29323,1.721292
29323,3.534291
29323,1.704092
29323,1.679879
29323,3.614726
29323,1.611146
29323,1.740267
29323,1.770116
7891,0.313744
7891,0.334528
7891,0.328112
7891,0.335188
7891,0.381925
7891,0.335742
7891,0.327038
7891,0.332388
7891,0.529158
7891,0.414324
7891,0.354585
7891,0.357170
7891,0.347067
7891,0.372607
7891,0.510544
7891,0.365882
7891,0.426391
7891,0.419827
7891,0.354397
7891,0.348321
7891,0.346938
7891,0.337587
7891,0.385488
7891,0.384995
7891,0.697980
7891,0.335787
7891,0.698329
7891,0.333074
7891,0.368417
7891,0.331875
29492,1.892361
29492,2.137492
29492,2.090330
29492,2.022586
29492,2.108034
29492,2.106764
29492,2.033876
29492,2.098374
29492,4.704757
29492,4.608364
29492,4.347441
29492,4.178822
29492,2.130104
29492,1.977669
29492,2.013894
29492,2.129602
29492,2.121984
29492,2.255084
29492,2.166775
29492,2.093791
29492,2.057215
29492,2.156562
29492,4.541729
29492,2.254971
29492,2.112370
29492,2.042299
29492,2.073803
29492,2.111547
29492,4.655079
29492,2.270646
11767,0.614077
11767,0.594538
11767,0.573926
11767,0.588467
11767,0.591139
11767,0.581896
11767,0.590732
11767,0.586319
11767,0.590345
11767,0.596779
11767,0.681053
11767,0.593957
11767,0.593328
11767,0.596073
11767,0.596638
11767,0.592575
11767,1.268692
11767,1.311897
11767,0.594299
11767,0.574526
11767,0.571783
11767,0.600825
11767,0.594519
11767,0.585798
11767,0.580698
11767,0.584214
11767,0.582541
11767,0.585963
11767,0.579456
11767,0.603911
31112,2.280928
31112,2.366571
31112,2.183933
31112,4.888128
31112,2.349261
31112,2.341263
31112,4.739122
31112,3.158765
31112,2.417793
31112,5.104408
31112,2.881119
31112,2.180568
31112,2.245252
31112,2.326928
31112,2.250207
31112,2.187951
31112,2.145657
31112,2.059540
31112,4.562519
31112,2.077905
31112,1.997615
31112,2.335476
31112,2.113455
31112,2.055623
31112,1.999369
31112,2.047808
31112,1.948127
31112,4.575353
31112,3.985153
31112,4.402141
6734,0.252206
6734,0.261149
6734,0.258843
6734,0.254942
6734,0.251981
6734,0.253816
6734,0.253270
6734,0.247936
6734,0.250282
6734,0.254471
6734,0.255087
6734,0.250218
6734,0.253686
6734,0.256089
6734,0.269516
6734,0.251928
6734,0.250310
6734,0.263525
6734,0.254554
6734,0.274844
6734,0.255232
6734,0.252692
6734,0.256846
6734,0.246277
6734,0.247766
6734,0.260865
6734,0.251392
6734,0.254998
6734,0.246640
6734,0.252973
30153,1.586784
30153,1.714768
30153,1.758877
30153,1.740690
30153,1.666269
30153,1.678101
30153,1.741434
30153,1.649352
30153,3.020598
30153,3.136720
30153,1.632560
30153,1.762679
30153,1.847795
30153,1.624941
30153,1.782954
30153,1.578698
30153,1.623107
30153,1.674206
30153,3.284660
30153,2.669084
30153,2.843000
30153,1.879410
30153,2.744202
30153,1.677191
30153,1.725026
30153,1.808467
30153,2.118080
30153,3.034400
30153,1.605733
30153,2.139519
7801,0.305761
7801,0.318922
7801,0.445199
7801,0.309826
7801,0.315155
7801,0.307484
7801,0.304648
7801,0.412057
7801,0.302144
7801,0.297856
7801,0.331801
7801,0.703772
7801,0.294809
7801,0.300473
7801,0.293231
7801,0.292522
7801,0.618160
7801,0.292435
7801,0.648014
7801,0.295077
7801,0.293720
7801,0.301358
7801,0.301680
7801,0.300827
7801,0.295953
7801,0.302957
7801,0.309823
7801,0.293281
7801,0.295711
7801,0.712846
34899,1.835611
34899,4.644768
34899,2.024024
34899,2.030415
34899,1.854232
34899,4.422067
34899,1.859162
34899,1.813500
34899,4.754819
34899,1.891546
34899,2.139800
34899,4.250347
34899,2.126675
34899,2.215400
34899,2.078295
34899,2.159970
34899,1.954817
34899,2.311931
34899,2.143598
34899,2.068024
34899,1.975656
34899,2.107384
34899,2.086037
34899,1.825113
34899,2.002335
34899,1.921879
34899,2.053208
34899,2.244736
34899,2.518251
34899,3.779956
16308,0.802062
16308,0.813410
16308,0.793820
16308,0.798062
16308,0.789343
16308,0.794577
16308,0.806106
16308,1.764338
16308,1.327618
16308,1.695875
16308,0.819968
16308,0.770222
16308,0.797901
16308,1.059684
16308,1.057564
16308,0.822034
16308,0.923171
16308,0.902272
16308,0.846221
16308,1.025763
16308,1.090336
16308,0.954850
16308,0.855921
16308,0.888095
16308,0.851767
16308,0.842954
16308,0.832945
16308,1.627380
16308,0.783990
16308,1.877820
38907,6.462288
38907,2.556692
38907,2.543791
38907,2.616190
38907,5.295861
38907,2.956615
38907,2.668509
38907,2.866998
38907,3.290473
38907,2.885922
38907,5.521149
38907,5.771190
38907,2.654945
38907,2.513964
38907,2.945754
38907,2.733080
38907,2.919116
38907,3.055378
38907,2.524076
38907,2.529201
38907,2.566896
38907,5.442476
38907,2.528739
38907,2.559235
38907,2.691126
38907,2.876459
38907,2.802144
38907,2.598665
38907,2.576801
38907,5.626575
5491,0.202714
5491,0.201773
5491,0.200954
5491,0.199047
5491,0.220139
5491,0.212316
5491,0.204130
5491,0.190680
5491,0.196497
5491,0.203980
5491,0.196661
5491,0.197811
5491,0.236240
5491,0.408779
5491,0.201774
5491,0.200095
5491,0.196445
5491,0.202013
5491,0.331510
5491,0.190667
5491,0.205587
5491,0.224343
5491,0.192113
5491,0.289050
5491,0.190348
5491,0.199890
5491,0.223896
5491,0.231135
5491,0.211055
5491,0.427406
41331,3.361961
41331,5.355869
41331,2.965337
41331,3.129822
41331,3.090625
41331,3.132942
41331,3.326402
41331,3.027385
41331,6.531577
41331,6.879839
41331,4.706933
41331,5.638746
41331,3.147743
41331,3.199703
41331,3.419635
41331,3.140226
41331,3.176168
41331,3.434984
41331,3.120093
41331,3.133536
41331,7.205598
41331,3.585766
41331,3.132510
41331,5.726267
41331,3.133001
41331,2.906156
41331,3.337684
41331,5.037719
41331,3.092427
41331,5.791107
9810,0.396909
9810,0.449269
9810,0.411325
9810,0.417120
9810,0.437818
9810,0.655437
9810,0.401885
9810,0.408926
9810,0.451918
9810,0.448402
9810,0.483319
9810,0.398396
9810,0.397175
9810,0.526713
9810,0.392620
9810,0.426476
9810,0.478578
9810,0.430451
9810,0.442932
9810,0.463830
9810,0.388439
9810,0.436497
9810,0.410514
9810,0.403228
9810,0.379446
9810,0.394357
9810,1.010965
9810,0.382474
9810,0.374791
9810,0.392314
36241,2.436536
36241,2.330290
36241,2.396082
36241,2.293917
36241,2.216973
36241,2.761327
36241,2.394525
36241,5.345736
36241,2.562736
36241,5.326160
36241,5.684045
36241,2.957789
36241,2.253847
36241,2.682916
36241,2.597923
36241,2.204217
36241,2.316019
36241,2.757029
36241,5.227035
36241,3.023605
36241,3.687523
36241,2.559934
36241,2.372832
36241,2.372862
36241,2.603381
36241,2.334538
36241,2.303987
36241,4.108544
36241,2.328271
36241,2.386666
7768,0.695132
7768,0.297173
7768,0.285647
7768,0.293899
7768,0.287477
7768,0.285760
7768,0.282264
7768,0.282734
7768,0.852117
7768,0.290040
7768,0.803068
7768,0.281351
7768,0.285307
7768,0.314100
7768,0.297932
7768,0.791360
7768,0.289292
7768,0.285781
7768,0.369598
7768,0.298732
7768,0.289898
7768,0.417922
7768,0.309501
7768,0.285252
7768,0.281561
7768,0.348293
7768,0.309405
7768,0.472328
7768,0.377485
7768,0.312376
36385,4.146752
36385,1.897970
36385,3.958887
36385,1.994180
36385,1.943924
36385,2.123114
36385,2.223103
36385,4.287804
36385,3.668852
36385,1.930504
36385,2.027891
36385,1.942403
36385,2.117169
36385,2.093776
36385,1.962170
36385,1.976245
36385,2.170424
36385,1.884008
36385,1.972296
36385,2.027657
36385,1.956327
36385,4.272687
36385,3.940328
36385,4.143857
36385,2.058529
36385,2.035816
36385,1.902229
36385,4.984341
36385,1.965701
36385,1.976853
8131,0.392670
8131,0.417850
8131,0.411022
8131,0.388826
8131,0.388585
8131,0.383971
8131,0.379667
8131,0.382487
8131,0.393146
8131,0.385175
8131,0.375912
8131,0.379138
8131,0.375311
8131,0.394129
8131,0.382068
8131,0.632671
8131,0.436605
8131,0.385215
8131,0.441227
8131,0.379934
8131,0.418459
8131,0.393763
8131,0.409359
8131,0.429050
8131,0.384024
8131,0.448101
8131,0.456929
8131,0.379890
8131,0.383500
8131,0.387263
29845,3.963939
29845,2.285590
29845,1.876995
29845,2.400424
29845,2.044167
29845,2.111579
29845,2.370874
29845,1.831767
29845,2.051155
29845,4.417119
29845,3.192553
29845,4.083270
29845,2.128361
29845,2.256569
29845,2.240648
29845,2.205876
29845,2.240027
29845,4.568130
29845,2.199625
29845,2.330414
29845,1.823590
29845,3.484635
29845,2.396522
29845,2.194727
29845,2.311830
29845,2.260601
29845,2.961191
29845,2.966462
29845,3.473487
29845,3.790831
4765,0.408488
4765,0.429101
4765,0.338097
4765,0.315552
4765,0.321935
4765,0.312628
4765,0.318004
4765,0.308001
4765,0.316482
4765,0.326091
4765,0.324125
4765,0.326063
4765,0.321810
4765,0.358211
4765,0.316776
4765,0.319064
4765,0.316253
4765,0.321836
4765,0.578174
4765,0.310013
4765,0.312074
4765,0.311564
4765,0.361690
4765,0.682590
4765,0.319277
4765,0.304977
4765,0.311390
4765,0.307825
4765,0.314390
4765,0.314307
35288,3.434364
35288,4.046364
35288,4.372173
35288,7.213166
35288,3.963776
35288,3.970671
35288,4.756880
35288,3.784936
35288,3.872579
35288,6.044073
35288,8.690874
35288,6.419935
35288,3.721341
35288,3.505645
35288,7.422711
35288,4.543459
35288,7.623691
35288,7.167972
35288,3.901797
35288,5.127294
35288,4.416357
35288,4.971479
35288,3.140417
35288,3.591263
35288,3.953278
35288,4.072592
35288,3.946283
35288,6.587143
35288,3.162881
35288,6.141327
21253,14.102272
21253,9.856594
21253,7.633295
21253,9.775548
21253,7.700091
21253,7.608316
21253,11.374014
21253,11.516060
21253,7.486370
21253,11.965848
21253,7.865230
21253,7.721764
21253,7.661536
21253,7.552032
21253,7.375134
21253,8.347054
21253,8.056010
21253,7.431284
21253,17.128905
21253,7.280447
21253,12.449135
21253,7.505796
21253,13.201047
21253,9.714467
21253,8.629931
21253,7.282922
21253,7.332544
21253,16.844363
21253,7.354648
21253,7.325778
34115,12.309098
34115,12.056028
34115,14.509666
34115,14.093977
34115,14.413546
34115,26.143119
34115,11.103239
34115,13.969575
34115,18.260354
34115,10.875601
34115,22.243580
34115,13.277430
34115,15.856855
34115,18.053868
34115,14.559409
34115,30.881910
34115,12.395312
34115,16.067637
34115,25.823785
34115,14.577552
34115,20.362274
34115,18.997935
34115,17.009669
34115,14.071184
34115,19.961296
34115,13.514060
34115,16.815073
34115,16.176513
34115,16.280224
34115,21.916792
7625,0.435503
7625,0.449511
7625,1.048023
7625,0.437417
7625,0.447491
7625,0.448807
7625,0.441120
7625,0.450456
7625,0.447650
7625,0.452425
7625,0.454876
7625,0.996686
7625,0.489179
7625,0.703807
7625,0.459105
7625,0.486701
7625,0.459904
7625,0.441704
7625,0.444971
7625,0.441569
7625,0.442397
7625,1.036957
7625,0.436505
7625,1.071625
7625,0.443819
7625,0.447062
7625,0.444833
7625,0.523045
7625,0.495873
7625,0.461527
25820,6.452450
25820,2.887784
25820,2.901849
25820,4.030017
25820,3.504774
25820,4.440105
25820,6.735436
25820,3.480946
25820,3.478728
25820,7.878108
25820,5.685557
25820,7.975696
25820,3.516773
25820,3.550670
25820,3.404423
25820,3.391543
25820,3.312589
25820,3.272364
25820,3.201433
25820,6.946071
25820,5.077473
25820,3.468803
25820,3.615793
25820,3.481984
25820,5.560636
25820,3.631671
25820,4.570475
25820,3.474554
25820,3.333761
25820,5.373169
7877,0.326856
7877,0.321127
7877,0.312176
7877,0.327378
7877,0.322760
7877,0.323740
7877,0.314920
7877,0.302663
7877,0.658530
7877,0.316428
7877,0.307565
7877,0.319566
7877,0.305551
7877,0.321786
7877,0.306210
7877,0.313161
7877,0.311460
7877,0.310442
7877,0.322248
7877,0.305756
7877,0.718760
7877,0.302171
7877,0.312480
7877,0.319749
7877,0.307457
7877,0.751626
7877,0.308032
7877,0.359795
7877,0.365747
7877,0.351365
30943,1.984510
30943,1.797723
30943,1.881906
30943,2.157755
30943,2.501019
30943,1.744552
30943,1.978737
30943,3.937485
30943,1.831033
30943,3.552360
30943,2.330882
30943,1.933010
30943,1.991988
30943,3.054389
30943,1.780572
30943,1.898388
30943,1.912736
30943,1.784819
30943,3.508123
30943,1.929753
30943,1.822127
30943,1.758265
30943,1.876220
30943,1.755322
30943,3.966251
30943,1.750808
30943,1.720291
30943,1.808770
30943,3.691663
30943,1.755371
19983,8.575121
19983,8.559608
19983,8.641955
19983,12.359569
19983,10.493661
19983,8.555954
19983,9.919023
19983,8.600406
19983,8.835249
19983,14.812562
19983,16.892583
19983,12.269967
19983,8.504520
19983,8.656997
19983,8.711774
19983,12.503980
19983,8.551772
19983,8.627128
19983,10.904256
19983,18.209575
19983,8.579012
19983,9.216932
19983,13.608118
19983,13.102401
19983,8.870404
19983,15.074459
19983,8.896987
19983,9.200617
19983,8.663212
19983,8.597909
36663,27.828014
36663,30.380641
36663,30.451203
36663,23.402877
36663,31.003517
36663,27.398923
36663,24.036751
36663,34.935587
36663,25.919025
36663,23.569831
36663,33.557907
36663,27.234477
36663,32.625381
36663,22.398476
36663,30.407739
36663,34.471231
36663,25.205836
36663,44.358315
36663,22.552687
36663,28.684736
36663,31.909087
36663,34.964704
36663,27.604951
36663,37.513393
36663,25.939842
36663,28.245100
36663,37.058644
36663,34.062578
36663,25.054374
36663,24.827718
6997,0.798675
6997,1.920373
6997,0.764391
6997,0.813987
6997,0.760117
6997,1.766106
6997,0.758208
6997,0.815124
6997,0.785186
6997,0.755861
6997,1.853854
6997,0.796427
6997,0.812050
6997,0.744846
6997,0.764080
6997,0.764352
6997,0.790523
6997,1.298394
6997,0.860406
6997,0.839276
6997,1.148490
6997,0.937944
6997,0.886795
6997,0.766570
6997,0.962392
6997,1.652703
6997,0.794153
6997,0.901021
6997,1.023807
6997,1.316108
30070,12.300858
30070,9.862671
30070,9.836473
30070,8.114739
30070,20.390055
30070,23.332503
30070,9.868464
30070,8.154125
30070,7.538326
30070,10.081444
30070,6.746101
30070,11.681821
30070,12.037153
30070,14.088753
30070,15.539792
30070,9.004833
30070,14.611479
30070,9.436573
30070,10.631697
30070,8.215640
30070,8.896795
30070,8.605055
30070,12.255601
30070,7.823849
30070,10.521040
30070,9.536730
30070,14.371763
30070,16.993784
30070,10.306408
30070,9.816515
8439,0.460892
8439,0.472272
8439,0.460415
8439,0.443103
8439,0.507936
8439,0.456651
8439,0.518729
8439,0.495559
8439,0.492672
8439,0.510466
8439,0.917909
8439,0.500507
8439,0.471912
8439,0.464812
8439,0.499924
8439,0.589282
8439,0.512230
8439,0.503241
8439,0.519354
8439,0.705531
8439,0.440534
8439,0.458982
8439,0.445405
8439,0.449012
8439,1.205902
8439,0.435014
8439,0.438222
8439,1.178438
8439,0.430908
8439,0.422266
28933,2.957593
28933,2.726411
28933,3.190376
28933,4.155770
28933,2.372269
28933,5.403574
28933,2.294662
28933,3.946643
28933,2.570496
28933,2.257050
28933,2.495021
28933,2.231455
28933,3.925264
28933,2.937213
28933,2.606609
28933,3.473833
28933,2.037042
28933,3.366339
28933,2.286029
28933,3.234806
28933,2.553353
28933,8.894375
28933,4.083021
28933,3.294377
28933,2.516170
28933,5.079752
28933,4.435600
28933,2.856516
28933,2.544079
28933,3.389005
6530,0.217070
6530,0.209955
6530,0.204015
6530,0.207431
6530,0.201087
6530,0.197538
6530,0.199242
6530,0.241901
6530,0.290062
6530,0.261425
6530,0.269469
6530,0.362459
6530,0.205364
6530,0.318707
6530,0.207275
6530,0.210866
6530,0.212180
6530,0.261393
6530,0.254788
6530,0.249009
6530,0.204623
6530,0.566207
6530,0.207469
6530,0.203939
6530,0.206204
6530,0.208787
6530,0.204217
6530,0.317455
6530,0.224955
6530,0.217422
25260,2.219084
25260,3.398530
25260,1.555747
25260,1.505265
25260,1.581701
25260,1.832697
25260,1.381772
25260,3.616885
25260,1.388133
25260,3.549870
25260,1.370419
25260,1.331720
25260,1.314838
25260,1.322992
25260,1.438889
25260,1.387706
25260,1.559211
25260,1.578276
25260,1.361313
25260,1.396164
25260,1.344374
25260,1.470251
25260,2.912357
25260,1.880104
25260,1.374805
25260,2.979002
25260,1.284306
25260,1.451470
25260,2.891116
25260,1.366817
6446,0.365817
6446,0.361364
6446,0.371220
6446,0.372717
6446,0.369082
6446,0.366907
6446,0.358370
6446,0.360199
6446,0.372562
6446,0.367369
6446,0.888237
6446,0.375209
6446,0.362623
6446,0.369247
6446,0.362586
6446,0.362614
6446,0.368138
6446,0.381016
6446,0.366277
6446,0.364622
6446,0.363368
6446,0.372828
6446,0.367858
6446,0.399061
6446,0.375242
6446,0.412638
6446,0.393149
6446,0.371166
6446,0.372027
6446,0.821049
29819,2.815702
29819,2.987576
29819,4.035962
29819,2.829688
29819,5.103479
29819,3.146447
29819,3.152043
29819,2.636915
29819,2.997931
29819,7.528763
29819,6.114033
29819,3.452819
29819,2.984710
29819,3.107031
29819,4.470098
29819,2.941004
29819,2.794541
29819,3.323256
29819,2.999632
29819,4.622382
29819,2.942653
29819,2.901145
29819,2.853521
29819,3.103252
29819,3.055394
29819,2.678795
29819,3.287439
29819,6.585463
29819,2.872198
29819,3.358127
17856,4.311421
17856,9.324050
17856,4.350614
17856,5.651849
17856,4.342303
17856,4.386831
17856,4.424978
17856,4.398271
17856,5.548837
17856,9.334865
17856,4.369226
17856,4.675714
17856,4.495051
17856,4.449439
17856,5.641208
17856,4.592466
17856,4.473513
17856,6.008617
17856,9.928999
17856,6.478474
17856,7.082537
17856,4.490999
17856,4.587469
17856,4.477324
17856,4.509394
17856,4.428898
17856,4.535442
17856,4.427398
17856,7.217188
17856,9.688570
27456,9.920462
27456,9.491886
27456,7.662241
27456,6.610464
27456,8.877201
27456,7.291214
27456,7.576339
27456,6.033517
27456,11.617299
27456,7.356830
27456,7.151818
27456,5.700691
27456,8.661057
27456,13.475997
27456,6.516183
27456,7.441431
27456,7.525740
27456,7.881500
27456,12.871627
27456,9.153878
27456,9.239094
27456,7.087025
27456,7.313247
27456,9.421030
27456,12.240490
27456,6.875475
27456,7.130260
27456,6.923055
27456,7.478084
27456,6.938772
9200,1.672567
9200,0.822618
9200,2.005805
9200,1.901997
9200,0.796745
9200,1.907326
9200,0.778073
9200,0.789370
9200,0.788308
9200,0.764985
9200,0.784264
9200,0.778920
9200,0.751767
9200,0.776633
9200,1.425037
9200,0.757599
9200,1.721648
9200,0.792360
9200,0.783691
9200,1.670259
9200,1.007892
9200,0.784559
9200,0.790843
9200,0.806154
9200,0.826711
9200,0.801926
9200,0.761286
9200,0.790524
9200,0.760845
9200,1.244284
33808,4.111890
33808,2.750426
33808,3.329722
33808,6.082074
33808,2.699907
33808,4.077201
33808,2.801944
33808,2.674439
33808,5.849792
33808,4.952828
33808,2.928584
33808,3.278912
33808,2.780354
33808,2.862383
33808,2.776938
33808,2.972248
33808,2.843147
33808,2.707194
33808,2.681109
33808,5.623207
33808,5.955648
33808,2.661506
33808,2.504930
33808,3.193631
33808,3.085687
33808,5.566715
33808,3.292068
33808,2.599052
33808,5.215737
33808,2.792329
8196,0.768418
8196,0.762429
8196,0.763415
8196,0.771214
8196,0.759907
8196,0.761835
8196,0.747566
8196,1.130683
8196,0.747726
8196,0.791471
8196,1.556111
8196,0.778097
8196,0.865321
8196,0.911139
8196,0.810488
8196,0.780369
8196,0.893972
8196,0.825348
8196,1.058064
8196,1.583577
8196,0.762159
8196,0.797172
8196,0.880960
8196,0.764640
8196,0.814747
8196,1.428667
8196,0.724039
8196,0.732785
8196,0.736092
8196,0.714059
32932,3.711931
32932,4.439089
32932,3.649312
32932,3.182087
32932,7.725661
32932,3.608934
32932,6.983451
32932,3.774687
32932,7.198252
32932,3.969456
32932,3.780600
32932,4.752662
32932,6.545159
32932,3.144573
32932,3.414709
32932,3.402592
32932,3.156536
32932,3.307431
32932,3.424440
32932,3.746253
32932,3.208368
32932,3.372607
32932,3.546173
32932,4.307422
32932,4.728614
32932,4.429387
32932,3.483700
32932,8.195654
32932,6.647983
32932,7.467590
11396,2.207416
11396,2.155503
11396,2.126232
11396,2.779986
11396,2.177200
11396,2.126034
11396,2.150459
11396,2.067418
11396,2.155827
11396,2.055439
11396,2.064655
11396,2.085513
11396,2.068809
11396,3.451850
11396,2.014222
11396,2.033569
11396,2.011623
11396,2.046391
11396,2.070286
11396,4.748668
11396,2.095128
11396,2.050063
11396,3.798848
11396,2.069853
11396,1.998095
11396,4.486201
11396,2.012135
11396,2.000450
11396,4.417716
11396,2.022394
32834,6.681101
32834,9.241019
32834,8.735733
32834,10.133623
32834,9.125244
32834,10.497592
32834,9.487149
32834,10.080196
32834,13.314426
32834,15.227857
32834,18.718835
32834,18.772263
32834,13.338702
32834,9.531064
32834,8.895894
32834,14.440960
32834,11.461057
32834,10.558852
32834,16.242364
32834,10.199508
32834,8.851517
32834,8.176680
32834,9.633458
32834,11.141383
32834,19.060104
32834,9.547310
32834,8.699814
32834,10.055858
32834,12.623198
32834,9.399645
10976,1.562039
10976,1.017760
10976,2.245036
10976,1.179141
10976,1.027033
10976,2.208511
10976,0.988214
10976,0.983022
10976,0.991249
10976,1.016671
10976,2.180774
10976,1.016730
10976,1.023918
10976,0.964445
10976,0.972991
10976,2.426777
10976,1.310430
10976,0.960930
10976,0.982809
10976,0.993618
10976,0.972369
10976,0.974457
10976,0.954342
10976,0.962875
10976,0.983077
10976,0.960832
10976,1.931365
10976,0.957235
10976,0.980010
10976,0.962646
32804,3.043404
32804,6.228196
32804,4.110781
32804,3.393730
32804,2.945121
32804,4.213442
32804,3.646528
32804,3.636171
32804,4.768078
32804,6.861944
32804,6.848388
32804,4.338694
32804,3.556299
32804,3.805034
32804,4.126040
32804,3.361230
32804,4.288079
32804,3.847794
32804,2.857266
32804,3.229192
32804,4.389374
32804,2.695133
32804,3.399870
32804,3.138116
32804,4.000751
32804,3.709927
32804,6.413162
32804,5.609928
32804,6.452247
32804,7.894266
22288,3.308566
22288,3.416789
22288,3.380903
22288,3.382305
22288,3.432284
22288,5.046543
22288,3.559312
22288,5.160979
22288,3.530704
22288,4.834860
22288,3.835241
22288,3.483614
22288,5.667999
22288,3.526580
22288,3.696628
22288,5.909310
22288,3.708016
22288,3.365668
22288,3.348297
22288,7.399565
22288,3.343345
22288,4.495526
22288,3.392443
22288,3.319036
22288,3.382939
22288,3.765254
22288,5.392100
22288,3.413615
22288,7.052948
22288,3.238404
45116,11.547974
45116,8.144440
45116,11.033786
45116,9.485866
45116,10.026443
45116,17.878994
45116,13.741516
45116,16.980353
45116,10.859079
45116,16.980077
45116,8.812268
45116,10.418832
45116,14.577857
45116,8.878450
45116,13.344356
45116,11.395422
45116,8.319025
45116,16.620414
45116,9.277450
45116,9.313720
45116,10.111902
45116,8.240278
45116,11.973766
45116,15.828187
45116,13.662428
45116,18.826371
45116,9.051932
45116,10.581814
45116,11.998942
45116,9.030816
4182,0.123558
4182,0.139205
4182,0.142528
4182,0.131319
4182,0.124207
4182,0.166618
4182,0.129906
4182,0.128783
4182,0.184020
4182,0.127979
4182,0.194923
4182,0.146122
4182,0.137906
4182,0.176843
4182,0.154087
4182,0.120666
4182,0.164034
4182,0.239684
4182,0.179840
4182,0.198152
4182,0.193567
4182,0.157762
4182,0.129203
4182,0.142576
4182,0.131800
4182,0.126792
4182,0.133188
4182,0.127436
4182,0.124838
4182,0.127178
24071,1.011049
24071,1.030311
24071,1.152968
24071,2.401433
24071,1.051851
24071,1.044448
24071,1.080765
24071,1.017492
24071,1.075087
24071,1.045178
24071,0.965718
24071,0.957027
24071,2.182728
24071,0.976930
24071,1.022056
24071,1.883060
24071,1.083088
24071,1.064034
24071,0.990026
24071,1.034100
24071,1.109804
24071,1.020452
24071,1.056937
24071,2.194494
24071,1.023914
24071,1.013801
24071,0.979735
24071,1.010236
24071,0.976285
24071,2.097344
4442,0.068582
4442,0.073317
4442,0.078919
4442,0.070408
4442,0.159311
4442,0.071143
4442,0.079584
4442,0.074279
4442,0.079009
4442,0.073014
4442,0.075864
4442,0.241790
4442,0.071956
4442,0.082600
4442,0.079323
4442,0.082686
4442,0.078193
4442,0.078409
4442,0.075883
4442,0.081310
4442,0.075157
4442,0.073918
4442,0.073739
4442,0.074631
4442,0.074154
4442,0.078582
4442,0.078210
4442,0.074266
4442,0.075434
4442,0.074987
38646,1.878275
38646,1.842643
38646,1.814622
38646,2.040420
38646,3.468780
38646,1.980536
38646,1.893637
38646,1.847126
38646,1.956714
38646,3.794062
38646,3.205181
38646,2.052322
38646,2.231316
38646,2.164599
38646,2.156017
38646,2.012624
38646,2.020976
38646,2.059717
38646,1.950160
38646,4.396380
38646,3.943535
38646,1.910118
38646,1.934936
38646,1.827046
38646,1.840921
38646,1.904551
38646,1.999683
38646,1.992279
38646,1.923315
38646,4.547772
6244,0.326790
6244,0.325107
6244,0.312465
6244,0.298179
6244,0.315632
6244,0.299763
6244,0.301119
6244,0.311139
6244,0.293582
6244,0.305444
6244,0.300278
6244,0.308584
6244,0.320024
6244,0.303311
6244,0.311210
6244,0.307513
6244,0.300921
6244,0.303991
6244,0.309456
6244,0.305290
6244,0.317732
6244,0.307869
6244,0.301440
6244,0.309010
6244,0.304756
6244,0.297498
6244,0.307001
6244,0.330670
6244,0.332844
6244,0.322804
32214,2.229388
32214,2.222729
32214,4.174456
32214,2.147755
32214,2.434002
32214,2.106314
32214,2.226116
32214,2.298168
32214,2.294146
32214,4.349149
32214,2.732111
32214,4.052136
32214,2.258234
32214,2.271712
32214,2.942511
32214,2.264158
32214,2.152892
32214,4.643913
32214,2.211474
32214,2.238954
32214,2.338215
32214,3.120316
32214,2.267631
32214,4.090989
32214,2.327731
32214,2.253846
32214,2.269519
32214,2.497785
32214,4.584293
32214,2.795526
3066,0.101586
3066,0.097886
3066,0.102676
3066,0.105628
3066,0.101140
3066,0.097790
3066,0.100620
3066,0.102008
3066,0.101582
3066,0.099153
3066,0.102510
3066,0.096879
3066,0.103265
3066,0.097906
3066,0.105736
3066,0.102708
3066,0.107063
3066,0.115146
3066,0.103075
3066,0.107657
3066,0.252904
3066,0.099505
3066,0.099463
3066,0.097324
3066,0.095638
3066,0.098793
3066,0.097584
3066,0.189508
3066,0.100091
3066,0.097124
30299,1.935993
30299,2.019799
30299,1.821942
30299,1.888160
30299,2.681320
30299,1.887223
30299,1.889750
30299,2.054021
30299,1.829439
30299,4.137519
30299,3.697908
30299,1.759826
30299,1.573784
30299,1.730981
30299,1.942540
30299,1.974861
30299,1.831677
30299,1.813372
30299,2.702317
30299,3.459256
30299,1.737264
30299,2.052394
30299,1.783668
30299,1.612159
30299,1.790153
30299,2.108264
30299,1.828015
30299,3.458252
30299,3.655263
30299,3.434085
2192,0.075482
2192,0.074038
2192,0.074991
2192,0.075860
2192,0.078661
2192,0.087844
2192,0.084806
2192,0.077986
2192,0.080641
2192,0.075710
2192,0.081868
2192,0.074964
2192,0.080617
2192,0.074172
2192,0.075148
2192,0.079585
2192,0.075468
2192,0.082264
2192,0.074858
2192,0.075789
2192,0.076575
2192,0.080611
2192,0.146200
2192,0.076903
2192,0.079812
2192,0.075474
2192,0.076270
2192,0.077959
2192,0.079165
2192,0.079879
26241,1.217437
26241,1.143746
26241,1.197318
26241,1.255531
26241,1.167114
26241,1.170069
26241,1.223400
26241,2.524434
26241,1.151456
26241,1.255679
26241,1.240438
26241,1.173799
26241,1.472102
26241,1.777610
26241,1.131057
26241,1.850164
26241,1.199269
26241,2.631377
26241,1.100787
26241,1.220096
26241,1.198167
26241,1.474292
26241,1.362396
26241,1.143230
26241,2.582141
26241,1.832864
26241,1.324130
26241,1.271539
26241,2.638997
26241,1.236493
7708,0.771564
7708,0.781197
7708,0.809081
7708,0.776945
7708,1.719055
7708,0.778290
7708,1.543708
7708,0.799227
7708,0.787432
7708,0.792620
7708,0.788578
7708,0.812568
7708,0.796351
7708,0.812894
7708,0.831739
7708,0.831691
7708,0.837478
7708,0.821055
7708,0.796811
7708,1.961646
7708,0.827927
7708,0.807110
7708,0.807631
7708,1.952549
7708,1.962504
7708,0.776001
7708,1.901121
7708,0.774956
7708,0.761019
7708,0.783129
26131,2.238584
26131,2.493868
26131,2.119784
26131,2.532931
26131,2.612128
26131,2.551635
26131,2.351653
26131,2.693424
26131,5.860715
26131,4.080396
26131,6.199287
26131,5.505009
26131,2.696541
26131,2.322946
26131,2.578205
26131,2.105877
26131,2.355143
26131,2.571210
26131,2.917359
26131,2.138651
26131,3.950023
26131,2.858125
26131,2.831864
26131,2.680364
26131,2.408546
26131,2.824046
26131,2.702957
26131,2.372001
26131,3.861297
26131,5.355874
7731,0.406880
7731,0.413522
7731,0.419800
7731,0.436970
7731,0.415556
7731,0.526425
7731,0.452462
7731,0.466602
7731,0.456963
7731,0.451297
7731,0.442238
7731,0.451344
7731,0.444235
7731,0.414029
7731,0.392930
7731,0.401977
7731,0.413947
7731,0.410795
7731,0.428374
7731,0.746871
7731,0.403216
7731,0.430122
7731,0.415774
7731,0.405246
7731,0.405684
7731,0.418360
7731,0.407995
7731,0.411399
7731,0.422208
7731,0.417187
25169,2.017350
25169,2.416572
25169,2.661950
25169,2.323459
25169,2.752722
25169,2.791858
25169,5.307771
25169,5.961900
25169,2.611670
25169,2.490898
25169,3.299072
25169,5.413756
25169,2.757238
25169,2.592467
25169,4.483586
25169,2.541256
25169,2.733419
25169,3.378709
25169,2.391907
25169,2.372675
25169,2.540283
25169,2.490964
25169,2.088810
25169,3.377020
25169,3.026168
25169,2.195296
25169,2.659928
25169,3.538852
25169,5.582877
25169,2.482769
11767,4.700756
11767,4.835541
11767,2.296639
11767,2.539303
11767,2.252078
11767,2.334682
11767,2.342791
11767,2.269948
11767,4.606733
11767,2.296265
11767,2.397968
11767,2.328732
11767,2.302637
11767,2.338544
11767,2.285204
11767,2.827798
11767,3.092246
11767,2.241786
11767,2.280407
11767,4.745396
11767,2.243376
11767,2.551606
11767,2.261862
11767,4.355897
11767,2.199993
11767,2.249996
11767,2.238172
11767,2.178076
11767,4.451017
11767,2.198815
29550,13.038048
29550,7.128398
29550,9.423312
29550,8.756986
29550,8.351603
29550,7.715225
29550,7.098547
29550,6.921979
29550,7.852600
29550,7.898395
29550,9.087938
29550,9.856764
29550,6.126225
29550,6.441010
29550,6.894792
29550,10.950014
29550,12.929307
29550,7.435096
29550,5.474462
29550,9.539137
29550,6.795803
29550,6.575414
29550,11.443780
29550,7.146170
29550,7.387111
29550,6.838629
29550,6.874233
29550,9.827582
29550,8.888953
29550,5.942813
6734,0.286413
6734,0.291585
6734,0.724411
6734,0.298767
6734,0.282261
6734,0.279742
6734,0.281591
6734,0.286873
6734,0.295199
6734,0.725456
6734,0.290889
6734,0.285775
6734,0.295132
6734,0.288479
6734,0.281082
6734,0.300864
6734,0.284476
6734,0.316355
6734,0.289390
6734,0.298174
6734,0.295284
6734,0.611813
6734,0.315771
6734,0.326917
6734,0.326111
6734,0.334289
6734,0.316504
6734,0.285635
6734,0.273353
6734,0.274530
27550,1.935535
27550,2.007000
27550,1.947084
27550,2.863702
27550,2.074170
27550,1.738471
27550,3.528355
27550,1.944932
27550,1.689166
27550,1.779130
27550,3.384846
27550,2.018576
27550,1.732800
27550,1.590682
27550,1.585952
27550,3.511921
27550,1.808415
27550,1.872226
27550,2.582643
27550,1.739698
27550,2.582090
27550,2.290241
27550,1.901853
27550,1.903800
27550,2.745650
27550,1.859815
27550,1.991476
27550,1.956123
27550,1.683542
27550,1.841464
7801,1.436409
7801,0.814373
7801,0.800518
7801,1.745053
7801,0.905683
7801,1.497486
7801,0.770572
7801,0.767146
7801,1.300904
7801,0.770895
7801,0.763475
7801,0.784017
7801,0.754936
7801,1.722366
7801,0.755990
7801,0.723775
7801,0.728474
7801,0.732035
7801,0.728010
7801,0.717241
7801,0.728548
7801,0.723917
7801,1.594893
7801,1.510096
7801,1.561759
7801,0.742954
7801,0.747753
7801,0.725502
7801,0.720596
7801,0.713929
29827,13.351656
29827,7.649143
29827,11.499718
29827,11.277184
29827,11.741210
29827,11.975521
29827,13.132034
29827,12.651851
29827,14.026011
29827,9.754370
29827,22.809176
29827,14.456839
29827,10.724528
29827,9.614721
29827,19.796693
29827,20.217559
29827,9.460684
29827,11.895795
29827,12.092460
29827,12.718128
29827,10.949680
29827,28.097155
29827,11.160270
29827,8.706860
29827,13.478072
29827,7.479877
29827,9.042996
29827,22.808685
29827,10.885461
29827,12.824597
16308,3.761126
16308,3.526123
16308,3.520633
16308,3.561766
16308,3.441794
16308,3.430858
16308,3.423685
16308,3.373756
16308,5.668955
16308,3.394711
16308,3.305655
16308,7.316315
16308,3.431564
16308,3.435770
16308,3.395294
16308,5.709467
16308,3.380474
16308,3.369705
16308,3.313452
16308,3.363966
16308,3.330751
16308,3.439212
16308,3.444727
16308,3.436055
16308,3.401294
16308,3.334878
16308,3.462371
16308,4.846372
16308,3.477612
16308,6.656024
33604,17.963985
33604,9.883425
33604,18.551054
33604,14.417320
33604,14.406845
33604,14.274337
33604,13.538230
33604,13.512063
33604,13.024290
33604,16.541233
33604,18.540630
33604,22.134464
33604,14.430296
33604,17.277553
33604,14.263114
33604,15.666205
33604,11.099461
33604,19.497879
33604,15.460843
33604,12.895152
33604,13.668136
33604,11.043780
33604,12.483528
33604,12.406540
33604,13.667059
33604,22.494509
33604,14.044212
33604,17.328088
33604,11.559927
33604,13.858258
5491,0.331952
5491,0.355755
5491,0.335645
5491,0.330290
5491,0.336787
5491,0.331315
5491,0.336656
5491,0.331351
5491,0.333309
5491,0.322649
5491,0.347143
5491,0.567273
5491,0.362400
5491,0.339984
5491,0.339022
5491,0.522372
5491,0.394436
5491,0.394816
5491,0.410084
5491,0.356774
5491,0.404993
5491,0.680066
5491,0.356189
5491,0.357381
5491,0.351762
5491,0.354017
5491,0.347103
5491,0.346360
5491,0.839742
5491,0.346378
33164,7.728719
33164,7.673719
33164,11.519088
33164,6.118817
33164,12.199625
33164,13.743991
33164,7.592408
33164,9.351616
33164,10.498736
33164,14.094458
33164,9.406826
33164,7.882046
33164,6.798699
33164,12.096068
33164,8.245953
33164,5.428776
33164,14.770708
33164,13.788439
33164,9.197157
33164,9.460699
33164,8.317988
33164,20.448126
33164,7.138934
33164,7.679717
33164,6.850592
33164,5.372775
33164,10.113990
33164,6.641769
33164,16.505170
33164,6.285105
9728,0.843253
9728,0.844016
9728,0.848714
9728,0.838779
9728,0.855333
9728,0.855087
9728,0.863166
9728,0.849646
9728,0.876459
9728,0.863970
9728,0.892515
9728,0.882675
9728,0.871671
9728,0.860344
9728,0.869737
9728,0.835945
9728,0.897357
9728,0.877642
9728,0.936317
9728,1.913971
9728,1.641527
9728,0.974031
9728,0.865177
9728,0.875444
9728,0.859315
9728,0.886001
9728,0.903948
9728,0.913607
9728,0.907130
9728,0.897175
30980,25.080334
30980,11.305525
30980,17.672664
30980,10.579712
30980,8.212315
30980,16.638467
30980,11.289073
30980,11.067412
30980,10.649018
30980,12.477944
30980,18.972291
30980,9.498891
30980,9.596148
30980,12.600500
30980,11.712795
30980,16.743237
30980,10.636397
30980,13.560250
30980,22.150991
30980,14.411741
30980,10.653037
30980,10.612533
30980,9.520018
30980,13.966184
30980,8.393333
30980,13.223878
30980,10.732696
30980,22.438756
30980,9.317902
30980,9.617555
7768,0.873382
7768,0.857075
7768,0.871322
7768,0.858024
7768,0.864770
7768,0.857376
7768,2.099149
7768,0.840771
7768,0.843755
7768,0.843304
7768,0.839493
7768,0.845582
7768,0.856209
7768,0.860875
7768,0.839031
7768,0.877257
7768,0.868013
7768,0.864161
7768,0.868754
7768,1.781464
7768,0.831195
7768,0.836153
7768,0.848250
7768,0.841748
7768,0.893021
7768,0.998053
7768,0.962934
7768,1.016844
7768,0.878059
7768,1.642511
32593,4.594940
32593,3.282733
32593,5.272449
32593,3.955422
32593,3.098243
32593,4.264863
32593,6.052520
32593,3.485929
32593,4.984055
32593,8.571382
32593,5.435585
32593,3.308166
32593,3.411970
32593,3.436152
32593,3.457715
32593,3.024519
32593,3.357089
32593,3.346110
32593,3.382790
32593,6.857710
32593,3.968947
32593,4.173224
32593,5.672516
32593,4.314623
32593,3.104601
32593,3.754461
32593,5.158585
32593,4.579811
32593,4.659611
32593,3.443952
