parameter;symbol;value
Simulation area side;$L_{\mathrm{box}}$;\qty{2000}{\metre}
Evaluation / development topologies;---;10 / 3
Replicates per topology (evaluation / development);---;3 / 2
Channel realizations;$M$;30
Slot length / number of slots;$\Delta$, $N$;\qty{1}{\second} / 150
Access-phase fraction;$\tau$;\num{0.5}
UAV altitude / maximum speed;$H$, $V_{\max}$;\qty{100}{\metre} / \qty{50}{\metre\per\second}
UAV power / concurrent downlinks;$P_U$;\qty{0.1}{\watt} / 2
Source power;$p_s$;\qty{0.1}{\watt}
Bandwidth per phase;$B_{\mathrm{tot}}$;\qty{1}{\mega\hertz}
Noise power spectral density;$N_0$;\qty{-140}{\dBm\per\hertz}
PrLoS parameters;$(a, b)$;(\num{9.61}, \num{0.16})
NLoS attenuation / LoS, NLoS exponents;$\mu$, $\alpha_L$, $\alpha_N$;\num{0.2} / \num{2.2}, \num{3.3}
Reference gain;$\beta_0$;\qty{-50}{\dB}
Ground path-loss exponent;$\alpha_G$;\num{2.8}
Usable-rate threshold;$R_{\min}$;\qty{10}{\kilo\bit\per\second}
Candidate paths (max.\ ground paths);$K$;3 (2)
Damage zones: count / separation / radius;---;3 / \qty{600}{\metre} / \qty{400}{\metre}
Sources / position std.\ dev.;$|S|$, $\sigma$;15 / \qty{150}{\metre}
Alerts / deadline window;$|A|$, $d_a-r_a$;40 / 20--60 slots
Reference size (clip range, instance);$L_{\mathrm{ref}}$;\qty{250}{\kilo\bit} ([\num{0.25}, \num{4}], \texttt{abilene})
Edge failure prob.\ inside / outside zones;$p_{\mathrm{in}}$, $p_{\mathrm{out}}$;\num{0.60} / \num{0.05}
Backhaul capacity (v0 / v0-bh50);$C_e$;\qty{1000}{\kilo\bit\per\second} / \qty{50}{\kilo\bit\per\second}
LP tangents / bootstrap resamples;---;10 / 10000
