key;year;venue;objective;uavs;relay_selection;deadline;connectivity;channel_uncertainty;bandwidth_power;method;guarantee
huang2025ddatsap;2025;Sensors;Max–min average message rate;1;No;No;Not stated;PrLoS;Power, slot scheduling;BCD, SCA;Not stated
tran2022relay;2022;IEEE TWC;Max.\ devices served on time;1;Not stated;Yes, per device;Not stated;Not stated;Bandwidth, power, UAV memory;Binary relaxation, inner approximation;Not stated
samir2020time;2020;IEEE TWC;Max.\ devices served before deadline;1;Not stated;Yes, per device;Not stated;Not stated;Radio resources;BRB, SCA;Global optimum with BRB
albusalih2018deadline;2018;Baghdad Sci. J.;Min.\ collection energy;Multiple;Not stated;Yes, collection deadline;Not stated;Not stated;Not stated;MILP, heuristic;Optimal with MILP
liu2022aoi;2022;IEEE IoT J.;Min.\ mission time;1;Not stated;Yes, AoI threshold;Not stated;Not stated;Not stated;Decomposition, SCA, GA;Not stated
liu2024interference;2024;IEEE TVT;Min.\ mission time;1;Yes, UAV--station link;Yes, per data item;Not stated;Not stated;Not stated;BCD, SCA;Not stated
tang2022delay;2022;IEEE TVT;Min.\ UAV energy;Multiple;Yes, user association;Yes, bounded queueing delay;Not stated;Random demand, mobility;Not stated;Lyapunov, online decomposition;Not stated
he2022delay;2022;IEEE TVT;Min.\ total information delay;1;Not stated;Delay objective;Not stated;Not stated;Channel assignment;Alternating Newton, relax-and-round, SCA;Not stated
cao2023priority;2023;IEEE TGCN;UAV energy and priority-weighted delay;1;Not stated;Priority-weighted delay objective;Not stated;Mobile sensor nodes;Not stated;Online RL heuristic;Not stated
fadlullah2016dynamic;2016;IEEE Network;Lower delay, higher relay throughput;Multiple;Not stated;Queueing congestion delay;Relay chain of UAVs;Not stated;Not stated;Queue-threshold trajectory control;Not stated
du2023timeconstrained;2023;IEEE INFOCOM Wkshps;Max.\ devices served within collection time;1;Not stated;Yes, collection time;Not stated;Not stated;Time, transmit power;Alternating, SCA, quadratic approx.;Not stated
wang2026juror;2026;arXiv;Higher DTN message delivery;Not stated;Yes, opportunistic routing;Yes, message TTL;Intermittent contacts;Not stated;Not stated;PPO reinforcement learning;Not stated
kalantari2017backhaul;2017;IEEE ICC Wkshps;Max.\ users or sum rate;1;Yes, backhaul;Not stated;Not stated;Not stated;Not stated;3D placement search;Optimal placement
selim2018postdisaster;2018;IEEE Globecom Wkshps;Min.\ drone energy;Multiple;Yes, tethered drone backhaul;Not stated;Not stated;Not stated;Not stated;Placement and energy optimization;Not stated
yu2023backhaul;2023;IEEE TNSE;Bandwidth and flying-station placement;1;Yes, FSO backhaul;Not stated;Not stated;Not stated;Bandwidth;BROAD algorithm;Not stated
queiros2024predictive;2024;IEEE Globecom Wkshps;Network performance with minimum rate;Multi-tier;Yes, flying backhaul relays;Not stated;Not stated;Not stated;Bandwidth;Penalized simulated annealing;Not stated
