set_id,method,scenario_count,timely_ratio_mean,timely_ratio_ci_low,timely_ratio_ci_high,conn_ratio_mean,bound_ratio_mean,gap_mean,gap_undefined_count,shortfall_mean,planning_runtime_s_mean,evaluation_runtime_s_per_realization_mean,bound_runtime_s_mean,union_bound_ratio_mean,union_gap_mean,evaluate_calls_mean,paths_outside_candidates_mean
v0,B2_b1000,30,0.5467222222222222,0.4379972222222222,0.6387791666666666,1.0,nan,nan,30,15.591456762488518,96.63569605293378,0.062257973814444596,nan,nan,nan,989.9333333333333,4.833333333333333
v0,B2_b2000,30,0.5586666666666668,0.4524444444444445,0.6484444444444445,1.0,nan,nan,30,15.021062455274445,187.4819189780656,0.061829564151064706,nan,nan,nan,1861.4,5.733333333333333
v0,B2_b250,30,0.5135,0.40805138888888887,0.6022243055555556,1.0,nan,nan,30,17.142288560533533,21.822474917833947,0.058065397416657,nan,nan,nan,251.0,2.033333333333333
v0,B2_b4000,30,0.5596388888888889,0.45366180555555563,0.6498076388888889,1.0,nan,nan,30,14.996643413458884,191.41201581423203,0.061211700848887426,nan,nan,nan,1896.7,5.766666666666667
v0,B2_b500,30,0.5304722222222222,0.4224388888888889,0.6206965277777777,1.0,nan,nan,30,16.430257110781955,45.957236575400266,0.059385204078894784,nan,nan,nan,501.0,3.8
v0,P_b1000,30,0.5464444444444445,0.4350555555555556,0.6395319444444444,1.0,nan,nan,30,15.549859015956566,96.03154137483264,0.06025928314548865,nan,nan,nan,1001.0,5.1
v0,P_b2000,30,0.5605,0.4475395833333335,0.6563055555555554,1.0,nan,nan,30,14.955669147186939,193.08154975679983,0.05901622947442876,nan,nan,nan,1975.2666666666667,5.333333333333333
v0,P_b250,30,0.5182222222222223,0.4100555555555557,0.6096944444444445,1.0,nan,nan,30,17.05252805399446,22.050841279499824,0.05815035302886422,nan,nan,nan,251.0,2.7333333333333334
v0,P_b4000,30,0.5622777777777778,0.45088263888888896,0.656472222222222,0.9998518518518519,nan,nan,30,14.879308030536524,224.30124320756707,0.05926806080775148,nan,nan,nan,2260.9666666666667,5.633333333333334
v0,P_b500,30,0.5324166666666666,0.4244166666666667,0.6244999999999999,1.0,nan,nan,30,16.256333561840666,46.67802717650071,0.05955062821555152,nan,nan,nan,501.0,4.3
